1351651349.547,steps_lrtdp,64.04441087945476,"[('vertex3', 0), ('vertex4', 0), ('vertex2', 0), ('vertex5', 0), ('vertex6', 0), ('vertex7', 1), ('wait', 0), ('vertex8', 0), ('vertex9', 0), ('vertex10', 0), ('vertex11', 1)]",0:00:45.617300,"[3.734836007109285, 5.886977153004757, 5.755388779222474, 3.068354607929142, 3.0464733709651894, 15.027385006143852, 4.0, 3.9887466703213965, 2.5066710992868604, 3.8263298341883702, 13.203248351283426]","[3.083263, 2.954322, 3.149135, 3.417681, 3.825015, 3.757446, 3.883505, 4.121504, 5.464622, 5.66639, 5.786267]",2
1351651349.547,steps_lrtdp,64.04441087945476,"[('vertex3', 0), ('vertex4', 0), ('vertex2', 0), ('vertex5', 0), ('vertex6', 0), ('vertex7', 1), ('wait', 0), ('vertex8', 0), ('vertex9', 0), ('vertex10', 0), ('vertex11', 1)]",0:00:46.857962,"[3.734836007109285, 5.886977153004757, 5.755388779222474, 3.068354607929142, 3.0464733709651894, 15.027385006143852, 4.0, 3.9887466703213965, 2.5066710992868604, 3.8263298341883702, 13.203248351283426]","[2.703691, 3.328412, 3.204449, 3.505146, 3.893074, 3.709206, 4.365324, 4.394358, 5.510606, 5.741075, 5.990959]",5
1351651349.547,steps_lrtdp,64.04441087945476,"[('vertex3', 0), ('vertex4', 0), ('vertex2', 0), ('vertex5', 0), ('vertex6', 0), ('vertex7', 1), ('wait', 0), ('vertex8', 0), ('vertex9', 0), ('vertex10', 0), ('vertex11', 1)]",0:00:48.610007,"[3.734836007109285, 5.886977153004757, 5.755388779222474, 3.068354607929142, 3.0464733709651894, 15.027385006143852, 4.0, 3.9887466703213965, 2.5066710992868604, 3.8263298341883702, 13.203248351283426]","[3.115568, 3.180042, 3.360226, 3.569705, 3.939465, 4.097846, 4.086971, 4.581656, 5.708539, 5.933507, 6.507326]",8
1351647527.338,steps_lrtdp,111.71986257491656,"[('vertex3', 0), ('vertex4', 0), ('vertex2', 1), ('vertex5', 0), ('vertex6', 0), ('wait', 0), ('wait', 0), ('wait', 0), ('wait', 0), ('wait', 0), ('wait', 0), ('wait', 0), ('vertex7', 0), ('vertex8', 0), ('vertex9', 0), ('vertex11', 0), ('wait', 0), ('wait', 0), ('wait', 0), ('vertex10', 2)]",0:00:35.701116,"[3.734836007109285, 5.886977153004757, 15.755388779222475, 3.068354607929142, 3.0464733709651894, 4.0, 4.0, 4.0, 4.0, 4.0, 4.0, 4.0, 5.027385006143852, 3.9887466703213965, 2.5066710992868604, 5.501781529650191, 4.0, 4.0, 4.0, 23.203248351283428]","[1.635496, 1.700807, 2.710532, 1.62937, 1.781077, 1.468545, 1.385116, 1.299976, 1.082699, 1.840752, 1.803679, 1.991456, 1.689441, 1.779494, 1.800924, 2.378433, 1.784128, 1.681185, 1.797786, 2.180506]",2
1351647527.338,steps_lrtdp,111.71986257491656,"[('vertex3', 0), ('vertex4', 0), ('vertex2', 1), ('vertex5', 0), ('vertex6', 0), ('wait', 0), ('wait', 0), ('wait', 0), ('wait', 0), ('wait', 0), ('wait', 0), ('wait', 0), ('vertex7', 0), ('vertex8', 0), ('vertex9', 0), ('vertex11', 0), ('wait', 0), ('wait', 0), ('wait', 0), ('vertex10', 2)]",0:00:35.834884,"[3.734836007109285, 5.886977153004757, 15.755388779222475, 3.068354607929142, 3.0464733709651894, 4.0, 4.0, 4.0, 4.0, 4.0, 4.0, 4.0, 5.027385006143852, 3.9887466703213965, 2.5066710992868604, 5.501781529650191, 4.0, 4.0, 4.0, 23.203248351283428]","[1.774838, 1.802369, 2.492925, 1.718815, 1.817175, 1.480841, 1.311719, 1.098239, 1.07358, 2.125091, 1.755102, 2.04212, 1.66338, 1.914993, 1.816115, 2.580415, 1.665259, 1.550249, 1.611209, 2.265463]",5
1351647527.338,steps_lrtdp,111.71986257491656,"[('vertex3', 0), ('vertex4', 0), ('vertex2', 1), ('vertex5', 0), ('vertex6', 0), ('wait', 0), ('wait', 0), ('wait', 0), ('wait', 0), ('wait', 0), ('wait', 0), ('wait', 0), ('vertex7', 0), ('vertex8', 0), ('vertex9', 0), ('vertex11', 0), ('wait', 0), ('wait', 0), ('wait', 0), ('vertex10', 2)]",0:00:34.992180,"[3.734836007109285, 5.886977153004757, 15.755388779222475, 3.068354607929142, 3.0464733709651894, 4.0, 4.0, 4.0, 4.0, 4.0, 4.0, 4.0, 5.027385006143852, 3.9887466703213965, 2.5066710992868604, 5.501781529650191, 4.0, 4.0, 4.0, 23.203248351283428]","[1.690543, 1.60641, 2.55625, 1.573584, 1.716751, 1.589527, 1.389464, 1.351016, 1.10884, 1.871921, 1.78787, 1.906689, 1.669895, 1.735595, 1.706298, 2.335463, 1.674156, 1.618555, 1.600265, 2.22265]",8
1351650999.49,steps_lrtdp,74.04441087945474,"[('vertex3', 0), ('vertex4', 0), ('wait', 0), ('vertex2', 0), ('vertex5', 0), ('vertex6', 0), ('vertex7', 3), ('vertex8', 0), ('vertex9', 0), ('vertex10', 0), ('vertex11', 0)]",0:00:25.368829,"[3.734836007109285, 5.886977153004757, 4.0, 5.755388779222474, 3.068354607929142, 3.0464733709651894, 35.02738500614385, 3.9887466703213965, 2.5066710992868604, 3.8263298341883702, 3.203248351283426]","[1.940132, 1.63288, 1.937618, 1.90097, 2.050295, 3.018354, 2.600828, 2.832476, 2.204027, 2.630081, 2.245904]",2
1351650999.49,steps_lrtdp,74.04441087945474,"[('vertex3', 0), ('vertex4', 0), ('wait', 0), ('vertex2', 0), ('vertex5', 0), ('vertex6', 0), ('vertex7', 3), ('vertex8', 0), ('vertex9', 0), ('vertex10', 0), ('vertex11', 0)]",0:00:26.745803,"[3.734836007109285, 5.886977153004757, 4.0, 5.755388779222474, 3.068354607929142, 3.0464733709651894, 35.02738500614385, 3.9887466703213965, 2.5066710992868604, 3.8263298341883702, 3.203248351283426]","[2.030005, 1.749907, 1.944559, 2.027544, 2.074359, 2.526514, 2.362552, 2.77736, 2.325406, 3.43072, 3.087707]",5
1351650999.49,steps_lrtdp,74.04441087945474,"[('vertex3', 0), ('vertex4', 0), ('wait', 0), ('vertex2', 0), ('vertex5', 0), ('vertex6', 0), ('vertex7', 3), ('vertex8', 0), ('vertex9', 0), ('vertex10', 0), ('vertex11', 0)]",0:00:26.261584,"[3.734836007109285, 5.886977153004757, 4.0, 5.755388779222474, 3.068354607929142, 3.0464733709651894, 35.02738500614385, 3.9887466703213965, 2.5066710992868604, 3.8263298341883702, 3.203248351283426]","[2.81518, 2.00362, 1.947624, 2.098417, 2.177065, 2.584576, 2.089714, 2.87161, 2.280476, 2.675821, 2.326478]",8
1351646766.203,steps_lrtdp,134.04441087945474,"[('vertex3', 0), ('vertex4', 0), ('wait', 0), ('vertex2', 0), ('vertex5', 2), ('vertex6', 0), ('vertex7', 0), ('vertex8', 1), ('vertex9', 3), ('vertex10', 1), ('vertex11', 2)]",0:00:15.005004,"[3.734836007109285, 5.886977153004757, 4.0, 5.755388779222474, 23.06835460792914, 3.0464733709651894, 5.027385006143852, 13.988746670321397, 32.50667109928686, 13.826329834188371, 23.203248351283428]","[1.261543, 1.236613, 1.87927, 1.574318, 1.325175, 1.213833, 1.242169, 1.397271, 1.007532, 0.948455, 1.691522]",2
1351646766.203,steps_lrtdp,134.04441087945474,"[('vertex3', 0), ('vertex4', 0), ('wait', 0), ('vertex2', 0), ('vertex5', 2), ('vertex6', 0), ('vertex7', 0), ('vertex8', 1), ('vertex9', 3), ('vertex10', 1), ('vertex11', 2)]",0:00:14.988967,"[3.734836007109285, 5.886977153004757, 4.0, 5.755388779222474, 23.06835460792914, 3.0464733709651894, 5.027385006143852, 13.988746670321397, 32.50667109928686, 13.826329834188371, 23.203248351283428]","[1.109561, 1.270764, 1.930507, 1.629531, 1.310505, 1.262881, 1.312227, 1.35748, 1.02855, 0.965216, 1.584807]",5
1351646766.203,steps_lrtdp,134.04441087945474,"[('vertex3', 0), ('vertex4', 0), ('wait', 0), ('vertex2', 0), ('vertex5', 2), ('vertex6', 0), ('vertex7', 0), ('vertex8', 1), ('vertex9', 3), ('vertex10', 1), ('vertex11', 2)]",0:00:14.952214,"[3.734836007109285, 5.886977153004757, 4.0, 5.755388779222474, 23.06835460792914, 3.0464733709651894, 5.027385006143852, 13.988746670321397, 32.50667109928686, 13.826329834188371, 23.203248351283428]","[1.192082, 1.207919, 2.060124, 1.606819, 1.289076, 1.170635, 1.302107, 1.336905, 0.978725, 0.978853, 1.597225]",8
1351647047.0,steps_lrtdp,50.04441087945476,"[('vertex3', 0), ('vertex4', 1), ('vertex2', 0), ('vertex5', 0), ('vertex6', 0), ('vertex7', 0), ('vertex8', 0), ('vertex9', 0), ('vertex10', 0), ('vertex11', 0)]",0:00:11.196251,"[3.734836007109285, 15.886977153004757, 5.755388779222474, 3.068354607929142, 3.0464733709651894, 5.027385006143852, 3.9887466703213965, 2.5066710992868604, 3.8263298341883702, 3.203248351283426]","[1.782453, 1.616532, 0.926818, 0.740331, 0.737803, 0.815003, 1.174835, 1.106887, 1.147932, 0.972071]",2
1351647047.0,steps_lrtdp,50.04441087945476,"[('vertex3', 0), ('vertex4', 1), ('vertex2', 0), ('vertex5', 0), ('vertex6', 0), ('vertex7', 0), ('vertex8', 0), ('vertex9', 0), ('vertex10', 0), ('vertex11', 0)]",0:00:11.302709,"[3.734836007109285, 15.886977153004757, 5.755388779222474, 3.068354607929142, 3.0464733709651894, 5.027385006143852, 3.9887466703213965, 2.5066710992868604, 3.8263298341883702, 3.203248351283426]","[1.769292, 1.51417, 0.875912, 0.703396, 0.781944, 0.875062, 1.086979, 1.19364, 1.229653, 1.100271]",5
1351647047.0,steps_lrtdp,50.04441087945476,"[('vertex3', 0), ('vertex4', 1), ('vertex2', 0), ('vertex5', 0), ('vertex6', 0), ('vertex7', 0), ('vertex8', 0), ('vertex9', 0), ('vertex10', 0), ('vertex11', 0)]",0:00:11.353404,"[3.734836007109285, 15.886977153004757, 5.755388779222474, 3.068354607929142, 3.0464733709651894, 5.027385006143852, 3.9887466703213965, 2.5066710992868604, 3.8263298341883702, 3.203248351283426]","[1.786228, 1.560873, 0.925043, 0.737822, 0.732666, 0.91603, 1.158, 1.156523, 1.145917, 1.061097]",8
1351648463.573,steps_lrtdp,60.04441087945475,"[('vertex3', 0), ('vertex4', 0), ('vertex2', 0), ('vertex5', 0), ('vertex6', 0), ('vertex7', 0), ('vertex8', 0), ('vertex9', 1), ('vertex10', 0), ('vertex11', 1)]",0:00:12.993526,"[3.734836007109285, 5.886977153004757, 5.755388779222474, 3.068354607929142, 3.0464733709651894, 5.027385006143852, 3.9887466703213965, 12.50667109928686, 3.8263298341883702, 13.203248351283426]","[1.548147, 0.851414, 0.807625, 1.082018, 0.758274, 0.928344, 1.679988, 1.556795, 1.764783, 1.781771]",2
1351648463.573,steps_lrtdp,60.04441087945475,"[('vertex3', 0), ('vertex4', 0), ('vertex2', 0), ('vertex5', 0), ('vertex6', 0), ('vertex7', 0), ('vertex8', 0), ('vertex9', 1), ('vertex10', 0), ('vertex11', 1)]",0:00:12.821470,"[3.734836007109285, 5.886977153004757, 5.755388779222474, 3.068354607929142, 3.0464733709651894, 5.027385006143852, 3.9887466703213965, 12.50667109928686, 3.8263298341883702, 13.203248351283426]","[1.340495, 0.921254, 0.926006, 1.077507, 0.719457, 0.902795, 1.624498, 1.606198, 1.697967, 1.769353]",5
1351648463.573,steps_lrtdp,60.04441087945475,"[('vertex3', 0), ('vertex4', 0), ('vertex2', 0), ('vertex5', 0), ('vertex6', 0), ('vertex7', 0), ('vertex8', 0), ('vertex9', 1), ('vertex10', 0), ('vertex11', 1)]",0:00:12.992898,"[3.734836007109285, 5.886977153004757, 5.755388779222474, 3.068354607929142, 3.0464733709651894, 5.027385006143852, 3.9887466703213965, 12.50667109928686, 3.8263298341883702, 13.203248351283426]","[1.694341, 0.861781, 0.916263, 1.043963, 0.812988, 0.89044, 1.550449, 1.446112, 1.73393, 1.7967]",8
1351646024.421,steps_lrtdp,54.04441087945476,"[('vertex3', 0), ('vertex4', 0), ('vertex2', 0), ('vertex5', 0), ('vertex6', 1), ('wait', 0), ('vertex7', 0), ('vertex8', 0), ('vertex9', 0), ('vertex10', 0), ('vertex11', 0)]",0:00:13.808394,"[3.734836007109285, 5.886977153004757, 5.755388779222474, 3.068354607929142, 13.04647337096519, 4.0, 5.027385006143852, 3.9887466703213965, 2.5066710992868604, 3.8263298341883702, 3.203248351283426]","[1.393109, 1.126222, 1.37613, 1.10108, 1.128001, 1.591411, 1.28382, 0.961956, 1.215135, 1.110687, 1.337023]",2
1351646024.421,steps_lrtdp,54.04441087945476,"[('vertex3', 0), ('vertex4', 0), ('vertex2', 0), ('vertex5', 0), ('vertex6', 1), ('wait', 0), ('vertex7', 0), ('vertex8', 0), ('vertex9', 0), ('vertex10', 0), ('vertex11', 0)]",0:00:10.826541,"[3.734836007109285, 5.886977153004757, 5.755388779222474, 3.068354607929142, 13.04647337096519, 4.0, 5.027385006143852, 3.9887466703213965, 2.5066710992868604, 3.8263298341883702, 3.203248351283426]","[1.46929, 1.099392, 1.245383, 0.789267, 0.921951, 1.029503, 0.792016, 0.655954, 0.836239, 0.715132, 1.111923]",5
1351646024.421,steps_lrtdp,54.04441087945476,"[('vertex3', 0), ('vertex4', 0), ('vertex2', 0), ('vertex5', 0), ('vertex6', 1), ('wait', 0), ('vertex7', 0), ('vertex8', 0), ('vertex9', 0), ('vertex10', 0), ('vertex11', 0)]",0:00:10.668304,"[3.734836007109285, 5.886977153004757, 5.755388779222474, 3.068354607929142, 13.04647337096519, 4.0, 5.027385006143852, 3.9887466703213965, 2.5066710992868604, 3.8263298341883702, 3.203248351283426]","[1.365758, 1.032603, 1.119969, 0.78431, 0.866886, 1.24128, 0.785067, 0.705089, 0.859734, 0.790272, 0.966896]",8
1351648569.311,steps_lrtdp,44.04441087945475,"[('vertex3', 0), ('vertex4', 0), ('vertex2', 0), ('vertex5', 0), ('vertex6', 0), ('vertex7', 0), ('wait', 0), ('vertex8', 0), ('vertex9', 0), ('vertex10', 0), ('vertex11', 0)]",0:00:15.504089,"[3.734836007109285, 5.886977153004757, 5.755388779222474, 3.068354607929142, 3.0464733709651894, 5.027385006143852, 4.0, 3.9887466703213965, 2.5066710992868604, 3.8263298341883702, 3.203248351283426]","[1.713342, 1.271671, 1.479879, 1.360783, 1.563385, 1.194709, 1.40777, 1.32706, 1.251206, 1.26001, 1.496797]",2
1351648569.311,steps_lrtdp,44.04441087945475,"[('vertex3', 0), ('vertex4', 0), ('vertex2', 0), ('vertex5', 0), ('vertex6', 0), ('vertex7', 0), ('wait', 0), ('vertex8', 0), ('vertex9', 0), ('vertex10', 0), ('vertex11', 0)]",0:00:16.127586,"[3.734836007109285, 5.886977153004757, 5.755388779222474, 3.068354607929142, 3.0464733709651894, 5.027385006143852, 4.0, 3.9887466703213965, 2.5066710992868604, 3.8263298341883702, 3.203248351283426]","[1.732661, 1.376627, 1.447883, 1.289666, 1.522185, 1.335985, 1.438177, 1.349311, 1.294286, 1.447164, 1.704015]",5
1351648569.311,steps_lrtdp,44.04441087945475,"[('vertex3', 0), ('vertex4', 0), ('vertex2', 0), ('vertex5', 0), ('vertex6', 0), ('vertex7', 0), ('wait', 0), ('vertex8', 0), ('vertex9', 0), ('vertex10', 0), ('vertex11', 0)]",0:00:16.122705,"[3.734836007109285, 5.886977153004757, 5.755388779222474, 3.068354607929142, 3.0464733709651894, 5.027385006143852, 4.0, 3.9887466703213965, 2.5066710992868604, 3.8263298341883702, 3.203248351283426]","[1.751371, 1.484019, 1.456312, 1.296208, 1.680367, 1.229377, 1.465822, 1.43961, 1.33965, 1.142119, 1.654872]",8
1351646175.766,steps_lrtdp,54.04441087945476,"[('vertex3', 0), ('vertex4', 0), ('vertex2', 0), ('vertex5', 0), ('vertex6', 1), ('vertex7', 0), ('vertex8', 0), ('vertex9', 0), ('wait', 0), ('vertex10', 0), ('vertex11', 0)]",0:00:13.480724,"[3.734836007109285, 5.886977153004757, 5.755388779222474, 3.068354607929142, 13.04647337096519, 5.027385006143852, 3.9887466703213965, 2.5066710992868604, 4.0, 3.8263298341883702, 3.203248351283426]","[2.20889, 1.712974, 1.644185, 1.292684, 1.023323, 0.797232, 0.962627, 0.966913, 1.012891, 0.769015, 0.897643]",2
1351646175.766,steps_lrtdp,54.04441087945476,"[('vertex3', 0), ('vertex4', 0), ('vertex2', 0), ('vertex5', 0), ('vertex6', 1), ('vertex7', 0), ('vertex8', 0), ('vertex9', 0), ('wait', 0), ('vertex10', 0), ('vertex11', 0)]",0:00:13.223391,"[3.734836007109285, 5.886977153004757, 5.755388779222474, 3.068354607929142, 13.04647337096519, 5.027385006143852, 3.9887466703213965, 2.5066710992868604, 4.0, 3.8263298341883702, 3.203248351283426]","[2.12643, 1.83283, 1.503681, 1.418246, 1.027977, 0.751547, 0.892643, 0.86324, 0.940618, 0.737259, 0.94416]",5
1351646175.766,steps_lrtdp,54.04441087945476,"[('vertex3', 0), ('vertex4', 0), ('vertex2', 0), ('vertex5', 0), ('vertex6', 1), ('vertex7', 0), ('vertex8', 0), ('vertex9', 0), ('wait', 0), ('vertex10', 0), ('vertex11', 0)]",0:00:13.413673,"[3.734836007109285, 5.886977153004757, 5.755388779222474, 3.068354607929142, 13.04647337096519, 5.027385006143852, 3.9887466703213965, 2.5066710992868604, 4.0, 3.8263298341883702, 3.203248351283426]","[2.250548, 1.925759, 1.723966, 1.344743, 0.899079, 0.811558, 0.961199, 0.761494, 0.858495, 0.762931, 0.92864]",8
1351644262.636,steps_lrtdp,54.04441087945476,"[('vertex3', 0), ('vertex4', 0), ('wait', 0), ('vertex2', 1), ('vertex5', 0), ('vertex6', 0), ('vertex7', 0), ('vertex8', 0), ('vertex9', 0), ('vertex10', 0), ('vertex11', 0)]",0:00:11.609059,"[3.734836007109285, 5.886977153004757, 4.0, 15.755388779222475, 3.068354607929142, 3.0464733709651894, 5.027385006143852, 3.9887466703213965, 2.5066710992868604, 3.8263298341883702, 3.203248351283426]","[1.614502, 1.192234, 1.207079, 1.167169, 1.10477, 0.992238, 0.850535, 0.819993, 0.848639, 0.992727, 0.615619]",2
1351644262.636,steps_lrtdp,54.04441087945476,"[('vertex3', 0), ('vertex4', 0), ('wait', 0), ('vertex2', 1), ('vertex5', 0), ('vertex6', 0), ('vertex7', 0), ('vertex8', 0), ('vertex9', 0), ('vertex10', 0), ('vertex11', 0)]",0:00:11.376398,"[3.734836007109285, 5.886977153004757, 4.0, 15.755388779222475, 3.068354607929142, 3.0464733709651894, 5.027385006143852, 3.9887466703213965, 2.5066710992868604, 3.8263298341883702, 3.203248351283426]","[1.495789, 1.236327, 1.199117, 1.158262, 1.019332, 0.974956, 0.851357, 0.80279, 0.85356, 0.963188, 0.617272]",5
1351644262.636,steps_lrtdp,54.04441087945476,"[('vertex3', 0), ('vertex4', 0), ('wait', 0), ('vertex2', 1), ('vertex5', 0), ('vertex6', 0), ('vertex7', 0), ('vertex8', 0), ('vertex9', 0), ('vertex10', 0), ('vertex11', 0)]",0:00:11.000256,"[3.734836007109285, 5.886977153004757, 4.0, 15.755388779222475, 3.068354607929142, 3.0464733709651894, 5.027385006143852, 3.9887466703213965, 2.5066710992868604, 3.8263298341883702, 3.203248351283426]","[1.597861, 1.162056, 1.140814, 1.122968, 0.976243, 0.891233, 0.796087, 0.794043, 0.826791, 0.926164, 0.572643]",8
1351643495.253,steps_lrtdp,44.04441087945475,"[('vertex3', 0), ('vertex4', 0), ('vertex2', 0), ('vertex5', 0), ('vertex6', 0), ('wait', 0), ('vertex7', 0), ('vertex8', 0), ('vertex9', 0), ('vertex10', 0), ('vertex11', 0)]",0:00:13.399810,"[3.734836007109285, 5.886977153004757, 5.755388779222474, 3.068354607929142, 3.0464733709651894, 4.0, 5.027385006143852, 3.9887466703213965, 2.5066710992868604, 3.8263298341883702, 3.203248351283426]","[1.937438, 1.78877, 1.121504, 1.407534, 1.127184, 1.013099, 0.956449, 1.260534, 1.018697, 0.793258, 0.783374]",2
1351643495.253,steps_lrtdp,44.04441087945475,"[('vertex3', 0), ('vertex4', 0), ('vertex2', 0), ('vertex5', 0), ('vertex6', 0), ('wait', 0), ('vertex7', 0), ('vertex8', 0), ('vertex9', 0), ('vertex10', 0), ('vertex11', 0)]",0:00:15.026893,"[3.734836007109285, 5.886977153004757, 5.755388779222474, 3.068354607929142, 3.0464733709651894, 4.0, 5.027385006143852, 3.9887466703213965, 2.5066710992868604, 3.8263298341883702, 3.203248351283426]","[1.917231, 1.708253, 1.120552, 1.448594, 1.212639, 1.114699, 1.076763, 1.71341, 1.481181, 1.023731, 0.990827]",5
1351643495.253,steps_lrtdp,44.04441087945475,"[('vertex3', 0), ('vertex4', 0), ('vertex2', 0), ('vertex5', 0), ('vertex6', 0), ('wait', 0), ('vertex7', 0), ('vertex8', 0), ('vertex9', 0), ('vertex10', 0), ('vertex11', 0)]",0:00:14.694544,"[3.734836007109285, 5.886977153004757, 5.755388779222474, 3.068354607929142, 3.0464733709651894, 4.0, 5.027385006143852, 3.9887466703213965, 2.5066710992868604, 3.8263298341883702, 3.203248351283426]","[2.396941, 2.253035, 1.273678, 1.457886, 1.244958, 1.038486, 0.952465, 1.186883, 1.113052, 0.813181, 0.752253]",8
1351648943.591,steps_lrtdp,50.04441087945476,"[('vertex3', 0), ('vertex4', 0), ('vertex2', 0), ('vertex5', 0), ('vertex6', 0), ('vertex7', 1), ('vertex8', 0), ('vertex9', 0), ('vertex10', 0), ('vertex11', 0)]",0:00:12.259588,"[3.734836007109285, 5.886977153004757, 5.755388779222474, 3.068354607929142, 3.0464733709651894, 15.027385006143852, 3.9887466703213965, 2.5066710992868604, 3.8263298341883702, 3.203248351283426]","[1.691524, 0.993982, 1.324472, 1.035264, 1.343265, 1.215829, 1.0765, 0.993169, 1.152725, 1.250998]",2
1351648943.591,steps_lrtdp,50.04441087945476,"[('vertex3', 0), ('vertex4', 0), ('vertex2', 0), ('vertex5', 0), ('vertex6', 0), ('vertex7', 1), ('vertex8', 0), ('vertex9', 0), ('vertex10', 0), ('vertex11', 0)]",0:00:12.201220,"[3.734836007109285, 5.886977153004757, 5.755388779222474, 3.068354607929142, 3.0464733709651894, 15.027385006143852, 3.9887466703213965, 2.5066710992868604, 3.8263298341883702, 3.203248351283426]","[1.835853, 1.095936, 1.23219, 0.947063, 1.364283, 1.135618, 1.063001, 1.001261, 1.068513, 1.27653]",5
1351648943.591,steps_lrtdp,50.04441087945476,"[('vertex3', 0), ('vertex4', 0), ('vertex2', 0), ('vertex5', 0), ('vertex6', 0), ('vertex7', 1), ('vertex8', 0), ('vertex9', 0), ('vertex10', 0), ('vertex11', 0)]",0:00:12.107986,"[3.734836007109285, 5.886977153004757, 5.755388779222474, 3.068354607929142, 3.0464733709651894, 15.027385006143852, 3.9887466703213965, 2.5066710992868604, 3.8263298341883702, 3.203248351283426]","[1.646994, 1.031321, 1.243138, 0.988427, 1.339953, 1.128119, 1.123333, 0.950419, 1.257427, 1.211958]",8
1351650423.0,steps_lrtdp,92.04441087945474,"[('vertex3', 0), ('vertex4', 0), ('wait', 0), ('vertex2', 0), ('vertex5', 0), ('vertex6', 0), ('wait', 0), ('vertex7', 2), ('wait', 0), ('vertex8', 0), ('vertex9', 0), ('vertex10', 2), ('vertex11', 0)]",0:00:30.042924,"[3.734836007109285, 5.886977153004757, 4.0, 5.755388779222474, 3.068354607929142, 3.0464733709651894, 4.0, 25.027385006143852, 4.0, 3.9887466703213965, 2.5066710992868604, 23.82632983418837, 3.203248351283426]","[1.382614, 1.964217, 3.018748, 2.536992, 2.195805, 2.751717, 2.064821, 2.045041, 2.75941, 1.952252, 2.232085, 2.20982, 2.578964]",2
1351650423.0,steps_lrtdp,92.04441087945474,"[('vertex3', 0), ('vertex4', 0), ('wait', 0), ('vertex2', 0), ('vertex5', 0), ('vertex6', 0), ('wait', 0), ('vertex7', 2), ('wait', 0), ('vertex8', 0), ('vertex9', 0), ('vertex10', 2), ('vertex11', 0)]",0:00:28.565691,"[3.734836007109285, 5.886977153004757, 4.0, 5.755388779222474, 3.068354607929142, 3.0464733709651894, 4.0, 25.027385006143852, 4.0, 3.9887466703213965, 2.5066710992868604, 23.82632983418837, 3.203248351283426]","[1.271837, 2.10096, 3.02663, 2.490936, 2.121329, 2.197346, 1.911015, 1.947155, 2.437091, 1.790243, 2.269996, 2.11236, 2.5355]",5
1351650423.0,steps_lrtdp,92.04441087945474,"[('vertex3', 0), ('vertex4', 0), ('wait', 0), ('vertex2', 0), ('vertex5', 0), ('vertex6', 0), ('wait', 0), ('vertex7', 2), ('wait', 0), ('vertex8', 0), ('vertex9', 0), ('vertex10', 2), ('vertex11', 0)]",0:00:30.681056,"[3.734836007109285, 5.886977153004757, 4.0, 5.755388779222474, 3.068354607929142, 3.0464733709651894, 4.0, 25.027385006143852, 4.0, 3.9887466703213965, 2.5066710992868604, 23.82632983418837, 3.203248351283426]","[1.296343, 2.01609, 3.045962, 2.664347, 2.170316, 2.627969, 2.509977, 2.567626, 2.547841, 1.872175, 2.271525, 2.216106, 2.521046]",8
1351647935.174,steps_lrtdp,40.04441087945475,"[('vertex3', 0), ('vertex4', 0), ('vertex2', 0), ('vertex5', 0), ('vertex6', 0), ('vertex7', 0), ('vertex8', 0), ('vertex9', 0), ('vertex10', 0), ('vertex11', 0)]",0:00:16.553598,"[3.734836007109285, 5.886977153004757, 5.755388779222474, 3.068354607929142, 3.0464733709651894, 5.027385006143852, 3.9887466703213965, 2.5066710992868604, 3.8263298341883702, 3.203248351283426]","[1.857328, 1.857617, 1.609313, 1.395866, 1.089139, 1.451353, 1.630905, 1.857295, 1.79745, 1.748828]",2
1351647935.174,steps_lrtdp,40.04441087945475,"[('vertex3', 0), ('vertex4', 0), ('vertex2', 0), ('vertex5', 0), ('vertex6', 0), ('vertex7', 0), ('vertex8', 0), ('vertex9', 0), ('vertex10', 0), ('vertex11', 0)]",0:00:16.203556,"[3.734836007109285, 5.886977153004757, 5.755388779222474, 3.068354607929142, 3.0464733709651894, 5.027385006143852, 3.9887466703213965, 2.5066710992868604, 3.8263298341883702, 3.203248351283426]","[1.99729, 1.855994, 1.570565, 1.334875, 1.146496, 1.415832, 1.492064, 1.828836, 1.778975, 1.529994]",5
1351647935.174,steps_lrtdp,40.04441087945475,"[('vertex3', 0), ('vertex4', 0), ('vertex2', 0), ('vertex5', 0), ('vertex6', 0), ('vertex7', 0), ('vertex8', 0), ('vertex9', 0), ('vertex10', 0), ('vertex11', 0)]",0:00:16.437193,"[3.734836007109285, 5.886977153004757, 5.755388779222474, 3.068354607929142, 3.0464733709651894, 5.027385006143852, 3.9887466703213965, 2.5066710992868604, 3.8263298341883702, 3.203248351283426]","[1.905327, 1.744883, 1.656134, 1.326712, 1.202343, 1.506983, 1.434747, 1.74394, 1.821761, 1.832655]",8
1351644186.617,steps_lrtdp,40.04441087945475,"[('vertex3', 0), ('vertex4', 0), ('vertex2', 0), ('vertex5', 0), ('vertex6', 0), ('vertex7', 0), ('vertex8', 0), ('vertex9', 0), ('vertex10', 0), ('vertex11', 0)]",0:00:11.814278,"[3.734836007109285, 5.886977153004757, 5.755388779222474, 3.068354607929142, 3.0464733709651894, 5.027385006143852, 3.9887466703213965, 2.5066710992868604, 3.8263298341883702, 3.203248351283426]","[0.817556, 0.593252, 0.5985, 1.018953, 1.710773, 1.167315, 1.411086, 1.434157, 1.447936, 1.406038]",2
1351644186.617,steps_lrtdp,40.04441087945475,"[('vertex3', 0), ('vertex4', 0), ('vertex2', 0), ('vertex5', 0), ('vertex6', 0), ('vertex7', 0), ('vertex8', 0), ('vertex9', 0), ('vertex10', 0), ('vertex11', 0)]",0:00:08.993558,"[3.734836007109285, 5.886977153004757, 5.755388779222474, 3.068354607929142, 3.0464733709651894, 5.027385006143852, 3.9887466703213965, 2.5066710992868604, 3.8263298341883702, 3.203248351283426]","[0.706737, 0.457479, 0.44984, 0.695467, 1.145006, 0.867523, 0.974767, 1.123173, 1.262364, 1.144446]",5
1351644186.617,steps_lrtdp,40.04441087945475,"[('vertex3', 0), ('vertex4', 0), ('vertex2', 0), ('vertex5', 0), ('vertex6', 0), ('vertex7', 0), ('vertex8', 0), ('vertex9', 0), ('vertex10', 0), ('vertex11', 0)]",0:00:09.084168,"[3.734836007109285, 5.886977153004757, 5.755388779222474, 3.068354607929142, 3.0464733709651894, 5.027385006143852, 3.9887466703213965, 2.5066710992868604, 3.8263298341883702, 3.203248351283426]","[0.596419, 0.443556, 0.483675, 0.668982, 1.148534, 0.888917, 1.035315, 1.185369, 1.255202, 1.211608]",8
1351645749.881,steps_lrtdp,40.04441087945475,"[('vertex3', 0), ('vertex4', 0), ('vertex2', 0), ('vertex5', 0), ('vertex6', 0), ('vertex7', 0), ('vertex8', 0), ('vertex9', 0), ('vertex10', 0), ('vertex11', 0)]",0:00:04.108903,"[3.734836007109285, 5.886977153004757, 5.755388779222474, 3.068354607929142, 3.0464733709651894, 5.027385006143852, 3.9887466703213965, 2.5066710992868604, 3.8263298341883702, 3.203248351283426]","[0.476075, 0.513159, 0.424277, 0.362596, 0.321988, 0.379067, 0.441705, 0.429705, 0.283821, 0.395952]",2
1351645749.881,steps_lrtdp,40.04441087945475,"[('vertex3', 0), ('vertex4', 0), ('vertex2', 0), ('vertex5', 0), ('vertex6', 0), ('vertex7', 0), ('vertex8', 0), ('vertex9', 0), ('vertex10', 0), ('vertex11', 0)]",0:00:04.127479,"[3.734836007109285, 5.886977153004757, 5.755388779222474, 3.068354607929142, 3.0464733709651894, 5.027385006143852, 3.9887466703213965, 2.5066710992868604, 3.8263298341883702, 3.203248351283426]","[0.502678, 0.476425, 0.482007, 0.358135, 0.326413, 0.372144, 0.432801, 0.443573, 0.263695, 0.390371]",5
1351645749.881,steps_lrtdp,40.04441087945475,"[('vertex3', 0), ('vertex4', 0), ('vertex2', 0), ('vertex5', 0), ('vertex6', 0), ('vertex7', 0), ('vertex8', 0), ('vertex9', 0), ('vertex10', 0), ('vertex11', 0)]",0:00:04.254873,"[3.734836007109285, 5.886977153004757, 5.755388779222474, 3.068354607929142, 3.0464733709651894, 5.027385006143852, 3.9887466703213965, 2.5066710992868604, 3.8263298341883702, 3.203248351283426]","[0.548959, 0.500213, 0.496406, 0.364037, 0.33991, 0.40339, 0.457295, 0.419358, 0.28711, 0.357531]",8
1351651158.674,steps_lrtdp,154.04441087945477,"[('vertex3', 0), ('vertex4', 0), ('wait', 0), ('vertex2', 2), ('vertex5', 0), ('vertex6', 0), ('vertex7', 0), ('vertex8', 2), ('vertex9', 3), ('vertex10', 2), ('vertex11', 2)]",0:00:30.669823,"[3.734836007109285, 5.886977153004757, 4.0, 25.755388779222475, 3.068354607929142, 3.0464733709651894, 5.027385006143852, 23.988746670321397, 32.50667109928686, 23.82632983418837, 23.203248351283428]","[3.480981, 2.484487, 3.777827, 2.309425, 2.134942, 2.216434, 1.971855, 2.93975, 3.018632, 2.515223, 3.422123]",2
1351651158.674,steps_lrtdp,154.04441087945477,"[('vertex3', 0), ('vertex4', 0), ('wait', 0), ('vertex2', 2), ('vertex5', 0), ('vertex6', 0), ('vertex7', 0), ('vertex8', 2), ('vertex9', 3), ('vertex10', 2), ('vertex11', 2)]",0:00:34.152612,"[3.734836007109285, 5.886977153004757, 4.0, 25.755388779222475, 3.068354607929142, 3.0464733709651894, 5.027385006143852, 23.988746670321397, 32.50667109928686, 23.82632983418837, 23.203248351283428]","[4.825196, 3.239116, 4.192291, 2.664942, 2.206569, 2.211118, 1.892751, 3.476836, 3.386236, 2.477221, 3.165221]",5
1351651158.674,steps_lrtdp,154.04441087945477,"[('vertex3', 0), ('vertex4', 0), ('wait', 0), ('vertex2', 2), ('vertex5', 0), ('vertex6', 0), ('vertex7', 0), ('vertex8', 2), ('vertex9', 3), ('vertex10', 2), ('vertex11', 2)]",0:00:30.756796,"[3.734836007109285, 5.886977153004757, 4.0, 25.755388779222475, 3.068354607929142, 3.0464733709651894, 5.027385006143852, 23.988746670321397, 32.50667109928686, 23.82632983418837, 23.203248351283428]","[3.562485, 2.269717, 3.935011, 2.485875, 2.171109, 2.333617, 1.966801, 2.772448, 3.003029, 2.620605, 3.237598]",8
1351649955.723,steps_lrtdp,54.04441087945476,"[('vertex3', 0), ('vertex4', 0), ('vertex2', 0), ('vertex5', 0), ('vertex6', 0), ('wait', 0), ('vertex7', 1), ('vertex8', 0), ('vertex9', 0), ('vertex10', 0), ('vertex11', 0)]",0:00:12.327966,"[3.734836007109285, 5.886977153004757, 5.755388779222474, 3.068354607929142, 3.0464733709651894, 4.0, 15.027385006143852, 3.9887466703213965, 2.5066710992868604, 3.8263298341883702, 3.203248351283426]","[1.863402, 1.373459, 0.95815, 1.030287, 1.190195, 1.069102, 0.977745, 1.197693, 1.036481, 0.612268, 0.784639]",2
1351649955.723,steps_lrtdp,54.04441087945476,"[('vertex3', 0), ('vertex4', 0), ('vertex2', 0), ('vertex5', 0), ('vertex6', 0), ('wait', 0), ('vertex7', 1), ('vertex8', 0), ('vertex9', 0), ('vertex10', 0), ('vertex11', 0)]",0:00:12.414441,"[3.734836007109285, 5.886977153004757, 5.755388779222474, 3.068354607929142, 3.0464733709651894, 4.0, 15.027385006143852, 3.9887466703213965, 2.5066710992868604, 3.8263298341883702, 3.203248351283426]","[1.770224, 1.44471, 0.982345, 0.983424, 1.244021, 1.091209, 0.9904, 1.134335, 1.061119, 0.632456, 0.851621]",5
1351649955.723,steps_lrtdp,54.04441087945476,"[('vertex3', 0), ('vertex4', 0), ('vertex2', 0), ('vertex5', 0), ('vertex6', 0), ('wait', 0), ('vertex7', 1), ('vertex8', 0), ('vertex9', 0), ('vertex10', 0), ('vertex11', 0)]",0:00:13.894091,"[3.734836007109285, 5.886977153004757, 5.755388779222474, 3.068354607929142, 3.0464733709651894, 4.0, 15.027385006143852, 3.9887466703213965, 2.5066710992868604, 3.8263298341883702, 3.203248351283426]","[2.137644, 1.820876, 1.110792, 1.159824, 1.390556, 1.266633, 1.106502, 1.241311, 0.971341, 0.669466, 0.78054]",8
1351648517.098,steps_lrtdp,60.04441087945475,"[('vertex3', 0), ('vertex4', 0), ('vertex2', 0), ('vertex5', 0), ('vertex6', 0), ('vertex7', 0), ('vertex8', 0), ('vertex9', 0), ('vertex10', 2), ('vertex11', 0)]",0:00:17.532866,"[3.734836007109285, 5.886977153004757, 5.755388779222474, 3.068354607929142, 3.0464733709651894, 5.027385006143852, 3.9887466703213965, 2.5066710992868604, 23.82632983418837, 3.203248351283426]","[3.197863, 2.559739, 1.826849, 1.255448, 1.447736, 1.650594, 1.582861, 1.397897, 1.172405, 1.177693]",2
1351648517.098,steps_lrtdp,60.04441087945475,"[('vertex3', 0), ('vertex4', 0), ('vertex2', 0), ('vertex5', 0), ('vertex6', 0), ('vertex7', 0), ('vertex8', 0), ('vertex9', 0), ('vertex10', 2), ('vertex11', 0)]",0:00:17.312919,"[3.734836007109285, 5.886977153004757, 5.755388779222474, 3.068354607929142, 3.0464733709651894, 5.027385006143852, 3.9887466703213965, 2.5066710992868604, 23.82632983418837, 3.203248351283426]","[3.380086, 2.660111, 1.825527, 1.233161, 1.286801, 1.547023, 1.423323, 1.390881, 1.139945, 1.153546]",5
1351648517.098,steps_lrtdp,60.04441087945475,"[('vertex3', 0), ('vertex4', 0), ('vertex2', 0), ('vertex5', 0), ('vertex6', 0), ('vertex7', 0), ('vertex8', 0), ('vertex9', 0), ('vertex10', 2), ('vertex11', 0)]",0:00:17.465620,"[3.734836007109285, 5.886977153004757, 5.755388779222474, 3.068354607929142, 3.0464733709651894, 5.027385006143852, 3.9887466703213965, 2.5066710992868604, 23.82632983418837, 3.203248351283426]","[3.197784, 2.567251, 1.843044, 1.322124, 1.488422, 1.597893, 1.583202, 1.351856, 1.12984, 1.118227]",8
1351649339.27,steps_lrtdp,74.04441087945474,"[('vertex3', 0), ('vertex4', 0), ('vertex2', 0), ('vertex5', 0), ('wait', 0), ('vertex6', 0), ('vertex7', 0), ('vertex8', 0), ('vertex9', 3), ('vertex10', 0), ('vertex11', 0)]",0:00:20.548838,"[3.734836007109285, 5.886977153004757, 5.755388779222474, 3.068354607929142, 4.0, 3.0464733709651894, 5.027385006143852, 3.9887466703213965, 32.50667109928686, 3.8263298341883702, 3.203248351283426]","[1.386486, 1.307976, 2.008786, 1.714444, 1.50772, 1.529466, 1.876411, 2.259624, 2.05586, 2.373469, 2.224997]",2
1351649339.27,steps_lrtdp,74.04441087945474,"[('vertex3', 0), ('vertex4', 0), ('vertex2', 0), ('vertex5', 0), ('wait', 0), ('vertex6', 0), ('vertex7', 0), ('vertex8', 0), ('vertex9', 3), ('vertex10', 0), ('vertex11', 0)]",0:00:17.975414,"[3.734836007109285, 5.886977153004757, 5.755388779222474, 3.068354607929142, 4.0, 3.0464733709651894, 5.027385006143852, 3.9887466703213965, 32.50667109928686, 3.8263298341883702, 3.203248351283426]","[1.564497, 1.274695, 1.86969, 1.670483, 1.388716, 1.458275, 1.447413, 1.615295, 1.471066, 2.073411, 1.872993]",5
1351649339.27,steps_lrtdp,74.04441087945474,"[('vertex3', 0), ('vertex4', 0), ('vertex2', 0), ('vertex5', 0), ('wait', 0), ('vertex6', 0), ('vertex7', 0), ('vertex8', 0), ('vertex9', 3), ('vertex10', 0), ('vertex11', 0)]",0:00:17.910174,"[3.734836007109285, 5.886977153004757, 5.755388779222474, 3.068354607929142, 4.0, 3.0464733709651894, 5.027385006143852, 3.9887466703213965, 32.50667109928686, 3.8263298341883702, 3.203248351283426]","[1.441645, 1.269151, 2.028074, 1.569758, 1.322042, 1.420788, 1.485171, 1.737016, 1.566698, 1.958069, 1.843045]",8
1351647770.436,steps_lrtdp,60.04441087945475,"[('vertex3', 0), ('vertex4', 0), ('vertex2', 0), ('vertex5', 0), ('vertex6', 2), ('vertex7', 0), ('vertex8', 0), ('vertex9', 0), ('vertex10', 0), ('vertex11', 0)]",0:00:22.530098,"[3.734836007109285, 5.886977153004757, 5.755388779222474, 3.068354607929142, 23.046473370965188, 5.027385006143852, 3.9887466703213965, 2.5066710992868604, 3.8263298341883702, 3.203248351283426]","[2.309394, 2.456237, 2.363495, 2.005596, 2.119506, 2.322637, 2.23423, 2.189401, 2.723027, 1.463137]",2
1351647770.436,steps_lrtdp,60.04441087945475,"[('vertex3', 0), ('vertex4', 0), ('vertex2', 0), ('vertex5', 0), ('vertex6', 2), ('vertex7', 0), ('vertex8', 0), ('vertex9', 0), ('vertex10', 0), ('vertex11', 0)]",0:00:24.489414,"[3.734836007109285, 5.886977153004757, 5.755388779222474, 3.068354607929142, 23.046473370965188, 5.027385006143852, 3.9887466703213965, 2.5066710992868604, 3.8263298341883702, 3.203248351283426]","[2.508464, 2.429778, 2.395044, 1.986597, 2.087476, 2.39706, 2.380402, 2.271536, 3.764413, 1.889089]",5
1351647770.436,steps_lrtdp,60.04441087945475,"[('vertex3', 0), ('vertex4', 0), ('vertex2', 0), ('vertex5', 0), ('vertex6', 2), ('vertex7', 0), ('vertex8', 0), ('vertex9', 0), ('vertex10', 0), ('vertex11', 0)]",0:00:23.270062,"[3.734836007109285, 5.886977153004757, 5.755388779222474, 3.068354607929142, 23.046473370965188, 5.027385006143852, 3.9887466703213965, 2.5066710992868604, 3.8263298341883702, 3.203248351283426]","[2.849112, 2.415083, 2.651879, 2.059848, 2.200748, 2.418552, 2.189419, 2.093226, 2.694813, 1.357652]",8
1351647808.246,steps_lrtdp,96.04441087945474,"[('vertex3', 0), ('vertex4', 0), ('vertex2', 0), ('vertex5', 0), ('wait', 0), ('vertex6', 3), ('vertex7', 0), ('wait', 0), ('wait', 0), ('vertex8', 0), ('vertex9', 1), ('wait', 0), ('vertex10', 0), ('vertex11', 0)]",0:00:28.792531,"[3.734836007109285, 5.886977153004757, 5.755388779222474, 3.068354607929142, 4.0, 33.04647337096519, 5.027385006143852, 4.0, 4.0, 3.9887466703213965, 12.50667109928686, 4.0, 3.8263298341883702, 3.203248351283426]","[2.768594, 2.349904, 2.020073, 2.718145, 1.339251, 1.968479, 1.678278, 1.787239, 1.90368, 1.775961, 1.892054, 2.250396, 1.869189, 2.153119]",2
1351647808.246,steps_lrtdp,96.04441087945474,"[('vertex3', 0), ('vertex4', 0), ('vertex2', 0), ('vertex5', 0), ('wait', 0), ('vertex6', 3), ('vertex7', 0), ('wait', 0), ('wait', 0), ('vertex8', 0), ('vertex9', 1), ('wait', 0), ('vertex10', 0), ('vertex11', 0)]",0:00:29.183549,"[3.734836007109285, 5.886977153004757, 5.755388779222474, 3.068354607929142, 4.0, 33.04647337096519, 5.027385006143852, 4.0, 4.0, 3.9887466703213965, 12.50667109928686, 4.0, 3.8263298341883702, 3.203248351283426]","[2.49434, 2.446017, 2.158418, 2.633577, 1.317769, 2.074343, 2.008683, 1.750996, 1.777733, 1.761811, 2.034062, 2.404283, 1.890149, 2.104268]",5
1351647808.246,steps_lrtdp,96.04441087945474,"[('vertex3', 0), ('vertex4', 0), ('vertex2', 0), ('vertex5', 0), ('wait', 0), ('vertex6', 3), ('vertex7', 0), ('wait', 0), ('wait', 0), ('vertex8', 0), ('vertex9', 1), ('wait', 0), ('vertex10', 0), ('vertex11', 0)]",0:00:31.776606,"[3.734836007109285, 5.886977153004757, 5.755388779222474, 3.068354607929142, 4.0, 33.04647337096519, 5.027385006143852, 4.0, 4.0, 3.9887466703213965, 12.50667109928686, 4.0, 3.8263298341883702, 3.203248351283426]","[2.515997, 2.361665, 2.059815, 3.253711, 2.034129, 2.872811, 2.406759, 2.065144, 2.018584, 1.731567, 1.821657, 2.275606, 1.952244, 2.05818]",8
1351646115.197,steps_lrtdp,44.04441087945475,"[('vertex3', 0), ('vertex4', 0), ('wait', 0), ('vertex2', 0), ('vertex5', 0), ('vertex6', 0), ('vertex7', 0), ('vertex8', 0), ('vertex9', 0), ('vertex10', 0), ('vertex11', 0)]",0:00:13.460036,"[3.734836007109285, 5.886977153004757, 4.0, 5.755388779222474, 3.068354607929142, 3.0464733709651894, 5.027385006143852, 3.9887466703213965, 2.5066710992868604, 3.8263298341883702, 3.203248351283426]","[1.277223, 1.047639, 1.22093, 0.907312, 0.94759, 0.726952, 1.239545, 1.039472, 1.526071, 2.088102, 1.235403]",2
1351646115.197,steps_lrtdp,44.04441087945475,"[('vertex3', 0), ('vertex4', 0), ('wait', 0), ('vertex2', 0), ('vertex5', 0), ('vertex6', 0), ('vertex7', 0), ('vertex8', 0), ('vertex9', 0), ('vertex10', 0), ('vertex11', 0)]",0:00:13.769366,"[3.734836007109285, 5.886977153004757, 4.0, 5.755388779222474, 3.068354607929142, 3.0464733709651894, 5.027385006143852, 3.9887466703213965, 2.5066710992868604, 3.8263298341883702, 3.203248351283426]","[1.239149, 1.045394, 1.450716, 0.943277, 0.845408, 0.70445, 1.242834, 0.994347, 1.862942, 1.910861, 1.324733]",5
1351646115.197,steps_lrtdp,44.04441087945475,"[('vertex3', 0), ('vertex4', 0), ('wait', 0), ('vertex2', 0), ('vertex5', 0), ('vertex6', 0), ('vertex7', 0), ('vertex8', 0), ('vertex9', 0), ('vertex10', 0), ('vertex11', 0)]",0:00:13.550313,"[3.734836007109285, 5.886977153004757, 4.0, 5.755388779222474, 3.068354607929142, 3.0464733709651894, 5.027385006143852, 3.9887466703213965, 2.5066710992868604, 3.8263298341883702, 3.203248351283426]","[1.17181, 0.965348, 1.478845, 0.896324, 0.962745, 0.704457, 1.312898, 1.007561, 1.610545, 2.009559, 1.230425]",8
1351651058.863,steps_lrtdp,51.71986257491657,"[('vertex3', 0), ('vertex4', 0), ('vertex2', 0), ('vertex5', 0), ('vertex6', 0), ('vertex7', 0), ('vertex8', 0), ('vertex9', 1), ('vertex11', 0), ('vertex10', 0)]",0:00:26.947378,"[3.734836007109285, 5.886977153004757, 5.755388779222474, 3.068354607929142, 3.0464733709651894, 5.027385006143852, 3.9887466703213965, 12.50667109928686, 5.501781529650191, 3.203248351283426]","[2.754652, 2.273396, 2.126389, 2.865977, 2.832021, 3.120676, 3.067696, 2.421714, 2.408764, 2.630089]",2
1351651058.863,steps_lrtdp,51.71986257491657,"[('vertex3', 0), ('vertex4', 0), ('vertex2', 0), ('vertex5', 0), ('vertex6', 0), ('vertex7', 0), ('vertex8', 0), ('vertex9', 1), ('vertex11', 0), ('vertex10', 0)]",0:00:29.897950,"[3.734836007109285, 5.886977153004757, 5.755388779222474, 3.068354607929142, 3.0464733709651894, 5.027385006143852, 3.9887466703213965, 12.50667109928686, 5.501781529650191, 3.203248351283426]","[2.555492, 2.170466, 2.237152, 4.11896, 4.11736, 3.727172, 3.22501, 2.378574, 2.386372, 2.502202]",5
1351651058.863,steps_lrtdp,51.71986257491657,"[('vertex3', 0), ('vertex4', 0), ('vertex2', 0), ('vertex5', 0), ('vertex6', 0), ('vertex7', 0), ('vertex8', 0), ('vertex9', 1), ('vertex11', 0), ('vertex10', 0)]",0:00:26.875568,"[3.734836007109285, 5.886977153004757, 5.755388779222474, 3.068354607929142, 3.0464733709651894, 5.027385006143852, 3.9887466703213965, 12.50667109928686, 5.501781529650191, 3.203248351283426]","[2.646414, 2.338773, 2.133991, 3.10592, 2.885039, 2.874522, 3.146654, 2.457813, 2.408082, 2.434282]",8
1351644080.68,steps_lrtdp,50.04441087945476,"[('vertex3', 0), ('vertex4', 0), ('vertex2', 1), ('vertex5', 0), ('vertex6', 0), ('vertex7', 0), ('vertex8', 0), ('vertex9', 0), ('vertex10', 0), ('vertex11', 0)]",0:00:05.350301,"[3.734836007109285, 5.886977153004757, 15.755388779222475, 3.068354607929142, 3.0464733709651894, 5.027385006143852, 3.9887466703213965, 2.5066710992868604, 3.8263298341883702, 3.203248351283426]","[0.398263, 0.432164, 0.342378, 0.50384, 0.500533, 0.548018, 0.475928, 0.704972, 0.671881, 0.665841]",2
1351644080.68,steps_lrtdp,50.04441087945476,"[('vertex3', 0), ('vertex4', 0), ('vertex2', 1), ('vertex5', 0), ('vertex6', 0), ('vertex7', 0), ('vertex8', 0), ('vertex9', 0), ('vertex10', 0), ('vertex11', 0)]",0:00:05.446986,"[3.734836007109285, 5.886977153004757, 15.755388779222475, 3.068354607929142, 3.0464733709651894, 5.027385006143852, 3.9887466703213965, 2.5066710992868604, 3.8263298341883702, 3.203248351283426]","[0.448233, 0.471946, 0.372678, 0.475695, 0.545626, 0.482217, 0.53294, 0.713263, 0.592874, 0.702668]",5
1351644080.68,steps_lrtdp,50.04441087945476,"[('vertex3', 0), ('vertex4', 0), ('vertex2', 1), ('vertex5', 0), ('vertex6', 0), ('vertex7', 0), ('vertex8', 0), ('vertex9', 0), ('vertex10', 0), ('vertex11', 0)]",0:00:05.682468,"[3.734836007109285, 5.886977153004757, 15.755388779222475, 3.068354607929142, 3.0464733709651894, 5.027385006143852, 3.9887466703213965, 2.5066710992868604, 3.8263298341883702, 3.203248351283426]","[0.42165, 0.587415, 0.382273, 0.538733, 0.496612, 0.559301, 0.536024, 0.710818, 0.643991, 0.699729]",8
1351647475.0,steps_lrtdp,56.04441087945475,"[('vertex3', 0), ('vertex4', 0), ('wait', 0), ('vertex2', 0), ('vertex5', 0), ('wait', 0), ('vertex6', 0), ('wait', 0), ('wait', 0), ('vertex7', 0), ('vertex8', 0), ('vertex9', 0), ('vertex10', 0), ('vertex11', 0)]",0:00:21.611860,"[3.734836007109285, 5.886977153004757, 4.0, 5.755388779222474, 3.068354607929142, 4.0, 3.0464733709651894, 4.0, 4.0, 5.027385006143852, 3.9887466703213965, 2.5066710992868604, 3.8263298341883702, 3.203248351283426]","[1.79736, 1.630904, 1.970638, 1.540673, 1.401255, 1.372318, 1.690848, 1.553446, 1.291563, 1.427168, 1.578082, 1.443754, 1.283218, 1.377635]",2
1351647475.0,steps_lrtdp,56.04441087945475,"[('vertex3', 0), ('vertex4', 0), ('wait', 0), ('vertex2', 0), ('vertex5', 0), ('wait', 0), ('vertex6', 0), ('wait', 0), ('wait', 0), ('vertex7', 0), ('vertex8', 0), ('vertex9', 0), ('vertex10', 0), ('vertex11', 0)]",0:00:24.353441,"[3.734836007109285, 5.886977153004757, 4.0, 5.755388779222474, 3.068354607929142, 4.0, 3.0464733709651894, 4.0, 4.0, 5.027385006143852, 3.9887466703213965, 2.5066710992868604, 3.8263298341883702, 3.203248351283426]","[1.740791, 1.656701, 2.165436, 1.613062, 1.304212, 1.463077, 2.231009, 2.192303, 1.953007, 1.631043, 1.734199, 1.647716, 1.356845, 1.400734]",5
1351647475.0,steps_lrtdp,56.04441087945475,"[('vertex3', 0), ('vertex4', 0), ('wait', 0), ('vertex2', 0), ('vertex5', 0), ('wait', 0), ('vertex6', 0), ('wait', 0), ('wait', 0), ('vertex7', 0), ('vertex8', 0), ('vertex9', 0), ('vertex10', 0), ('vertex11', 0)]",0:00:21.638983,"[3.734836007109285, 5.886977153004757, 4.0, 5.755388779222474, 3.068354607929142, 4.0, 3.0464733709651894, 4.0, 4.0, 5.027385006143852, 3.9887466703213965, 2.5066710992868604, 3.8263298341883702, 3.203248351283426]","[1.781062, 1.4361, 1.840959, 1.574816, 1.414541, 1.348662, 1.841615, 1.543855, 1.452117, 1.387705, 1.453417, 1.52937, 1.333426, 1.443508]",8
1351644411.427,steps_lrtdp,70.04441087945474,"[('vertex3', 0), ('vertex4', 0), ('vertex2', 0), ('vertex5', 0), ('vertex6', 3), ('vertex7', 0), ('vertex8', 0), ('vertex9', 0), ('vertex10', 0), ('vertex11', 0)]",0:00:11.319369,"[3.734836007109285, 5.886977153004757, 5.755388779222474, 3.068354607929142, 33.04647337096519, 5.027385006143852, 3.9887466703213965, 2.5066710992868604, 3.8263298341883702, 3.203248351283426]","[1.480946, 1.310009, 1.542174, 1.314802, 1.390637, 0.761984, 0.422081, 0.790206, 0.735065, 1.408584]",2
1351644411.427,steps_lrtdp,70.04441087945474,"[('vertex3', 0), ('vertex4', 0), ('vertex2', 0), ('vertex5', 0), ('vertex6', 3), ('vertex7', 0), ('vertex8', 0), ('vertex9', 0), ('vertex10', 0), ('vertex11', 0)]",0:00:11.648067,"[3.734836007109285, 5.886977153004757, 5.755388779222474, 3.068354607929142, 33.04647337096519, 5.027385006143852, 3.9887466703213965, 2.5066710992868604, 3.8263298341883702, 3.203248351283426]","[1.709969, 1.366374, 1.456386, 1.425708, 1.352841, 0.753558, 0.449997, 0.789835, 0.650089, 1.537651]",5
1351644411.427,steps_lrtdp,70.04441087945474,"[('vertex3', 0), ('vertex4', 0), ('vertex2', 0), ('vertex5', 0), ('vertex6', 3), ('vertex7', 0), ('vertex8', 0), ('vertex9', 0), ('vertex10', 0), ('vertex11', 0)]",0:00:11.419516,"[3.734836007109285, 5.886977153004757, 5.755388779222474, 3.068354607929142, 33.04647337096519, 5.027385006143852, 3.9887466703213965, 2.5066710992868604, 3.8263298341883702, 3.203248351283426]","[1.471104, 1.431611, 1.513883, 1.480671, 1.346431, 0.745479, 0.46078, 0.699805, 0.68908, 1.424848]",8
1351650423.271,steps_lrtdp,78.04441087945474,"[('vertex3', 0), ('vertex4', 0), ('vertex2', 2), ('vertex5', 0), ('vertex6', 0), ('wait', 0), ('vertex7', 1), ('vertex8', 0), ('vertex9', 0), ('wait', 0), ('vertex10', 0), ('vertex11', 0)]",0:00:25.210985,"[3.734836007109285, 5.886977153004757, 25.755388779222475, 3.068354607929142, 3.0464733709651894, 4.0, 15.027385006143852, 3.9887466703213965, 2.5066710992868604, 4.0, 3.8263298341883702, 3.203248351283426]","[1.380073, 1.929218, 2.180814, 2.025111, 2.266954, 1.94987, 1.969463, 1.866904, 2.662173, 2.569078, 1.883681, 2.144804]",2
1351650423.271,steps_lrtdp,78.04441087945474,"[('vertex3', 0), ('vertex4', 0), ('vertex2', 2), ('vertex5', 0), ('vertex6', 0), ('wait', 0), ('vertex7', 1), ('vertex8', 0), ('vertex9', 0), ('wait', 0), ('vertex10', 0), ('vertex11', 0)]",0:00:23.192911,"[3.734836007109285, 5.886977153004757, 25.755388779222475, 3.068354607929142, 3.0464733709651894, 4.0, 15.027385006143852, 3.9887466703213965, 2.5066710992868604, 4.0, 3.8263298341883702, 3.203248351283426]","[1.395047, 1.883031, 2.251336, 2.149243, 1.795832, 1.825373, 1.928137, 1.645783, 2.261215, 2.095624, 1.694276, 1.928244]",5
1351650423.271,steps_lrtdp,78.04441087945474,"[('vertex3', 0), ('vertex4', 0), ('vertex2', 2), ('vertex5', 0), ('vertex6', 0), ('wait', 0), ('vertex7', 1), ('vertex8', 0), ('vertex9', 0), ('wait', 0), ('vertex10', 0), ('vertex11', 0)]",0:00:22.729165,"[3.734836007109285, 5.886977153004757, 25.755388779222475, 3.068354607929142, 3.0464733709651894, 4.0, 15.027385006143852, 3.9887466703213965, 2.5066710992868604, 4.0, 3.8263298341883702, 3.203248351283426]","[1.316283, 1.915996, 2.222099, 1.920005, 1.797086, 1.880846, 1.979668, 1.632085, 1.991924, 2.053313, 1.592473, 2.093942]",8
1351645952.929,steps_lrtdp,48.04441087945475,"[('vertex3', 0), ('vertex4', 0), ('vertex2', 0), ('vertex5', 0), ('vertex6', 0), ('vertex7', 0), ('vertex8', 0), ('wait', 0), ('wait', 0), ('vertex9', 0), ('vertex10', 0), ('vertex11', 0)]",0:00:15.481424,"[3.734836007109285, 5.886977153004757, 5.755388779222474, 3.068354607929142, 3.0464733709651894, 5.027385006143852, 3.9887466703213965, 4.0, 4.0, 2.5066710992868604, 3.8263298341883702, 3.203248351283426]","[1.33686, 1.11309, 1.371733, 1.500522, 1.952207, 1.605149, 1.14873, 1.295341, 1.060322, 0.983207, 1.0059, 0.920489]",2
1351645952.929,steps_lrtdp,48.04441087945475,"[('vertex3', 0), ('vertex4', 0), ('vertex2', 0), ('vertex5', 0), ('vertex6', 0), ('vertex7', 0), ('vertex8', 0), ('wait', 0), ('wait', 0), ('vertex9', 0), ('vertex10', 0), ('vertex11', 0)]",0:00:18.031752,"[3.734836007109285, 5.886977153004757, 5.755388779222474, 3.068354607929142, 3.0464733709651894, 5.027385006143852, 3.9887466703213965, 4.0, 4.0, 2.5066710992868604, 3.8263298341883702, 3.203248351283426]","[1.42561, 1.078559, 1.380821, 1.804117, 2.498164, 2.103819, 1.674325, 1.528178, 1.260112, 1.089524, 1.057623, 0.910187]",5
1351645952.929,steps_lrtdp,48.04441087945475,"[('vertex3', 0), ('vertex4', 0), ('vertex2', 0), ('vertex5', 0), ('vertex6', 0), ('vertex7', 0), ('vertex8', 0), ('wait', 0), ('wait', 0), ('vertex9', 0), ('vertex10', 0), ('vertex11', 0)]",0:00:14.725097,"[3.734836007109285, 5.886977153004757, 5.755388779222474, 3.068354607929142, 3.0464733709651894, 5.027385006143852, 3.9887466703213965, 4.0, 4.0, 2.5066710992868604, 3.8263298341883702, 3.203248351283426]","[1.467233, 1.059085, 1.298816, 1.481905, 1.640162, 1.454594, 1.101337, 1.142, 1.020009, 0.947211, 0.961264, 0.964722]",8
1351649169.963,steps_lrtdp,48.04441087945475,"[('vertex3', 0), ('vertex4', 0), ('vertex2', 0), ('vertex5', 0), ('vertex6', 0), ('vertex7', 0), ('wait', 0), ('vertex8', 0), ('vertex9', 0), ('wait', 0), ('vertex10', 0), ('vertex11', 0)]",0:00:16.550339,"[3.734836007109285, 5.886977153004757, 5.755388779222474, 3.068354607929142, 3.0464733709651894, 5.027385006143852, 4.0, 3.9887466703213965, 2.5066710992868604, 4.0, 3.8263298341883702, 3.203248351283426]","[0.959157, 1.037274, 1.005088, 1.587117, 1.367209, 1.544443, 1.378782, 1.595595, 1.421041, 1.401435, 1.449595, 1.596775]",2
1351649169.963,steps_lrtdp,48.04441087945475,"[('vertex3', 0), ('vertex4', 0), ('vertex2', 0), ('vertex5', 0), ('vertex6', 0), ('vertex7', 0), ('wait', 0), ('vertex8', 0), ('vertex9', 0), ('wait', 0), ('vertex10', 0), ('vertex11', 0)]",0:00:16.625150,"[3.734836007109285, 5.886977153004757, 5.755388779222474, 3.068354607929142, 3.0464733709651894, 5.027385006143852, 4.0, 3.9887466703213965, 2.5066710992868604, 4.0, 3.8263298341883702, 3.203248351283426]","[0.914703, 0.966392, 1.085837, 1.727625, 1.461426, 1.498736, 1.265343, 1.480506, 1.60509, 1.4136, 1.507757, 1.489889]",5
1351649169.963,steps_lrtdp,48.04441087945475,"[('vertex3', 0), ('vertex4', 0), ('vertex2', 0), ('vertex5', 0), ('vertex6', 0), ('vertex7', 0), ('wait', 0), ('vertex8', 0), ('vertex9', 0), ('wait', 0), ('vertex10', 0), ('vertex11', 0)]",0:00:16.745636,"[3.734836007109285, 5.886977153004757, 5.755388779222474, 3.068354607929142, 3.0464733709651894, 5.027385006143852, 4.0, 3.9887466703213965, 2.5066710992868604, 4.0, 3.8263298341883702, 3.203248351283426]","[0.943574, 0.973313, 1.143036, 1.606448, 1.453519, 1.575443, 1.391245, 1.558137, 1.520741, 1.397787, 1.448811, 1.523521]",8
1351651036.338,steps_lrtdp,40.04441087945475,"[('vertex3', 0), ('vertex4', 0), ('vertex2', 0), ('vertex5', 0), ('vertex6', 0), ('vertex7', 0), ('vertex8', 0), ('vertex9', 0), ('vertex10', 0), ('vertex11', 0)]",0:00:26.011703,"[3.734836007109285, 5.886977153004757, 5.755388779222474, 3.068354607929142, 3.0464733709651894, 5.027385006143852, 3.9887466703213965, 2.5066710992868604, 3.8263298341883702, 3.203248351283426]","[2.52438, 2.185691, 2.086823, 2.129535, 1.997595, 2.16864, 2.441717, 4.191282, 3.274428, 2.584178]",2
1351651036.338,steps_lrtdp,40.04441087945475,"[('vertex3', 0), ('vertex4', 0), ('vertex2', 0), ('vertex5', 0), ('vertex6', 0), ('vertex7', 0), ('vertex8', 0), ('vertex9', 0), ('vertex10', 0), ('vertex11', 0)]",0:00:23.198664,"[3.734836007109285, 5.886977153004757, 5.755388779222474, 3.068354607929142, 3.0464733709651894, 5.027385006143852, 3.9887466703213965, 2.5066710992868604, 3.8263298341883702, 3.203248351283426]","[2.488953, 2.091197, 2.042876, 2.163824, 1.994537, 2.230665, 2.300017, 2.712259, 2.445086, 2.338591]",5
1351651036.338,steps_lrtdp,40.04441087945475,"[('vertex3', 0), ('vertex4', 0), ('vertex2', 0), ('vertex5', 0), ('vertex6', 0), ('vertex7', 0), ('vertex8', 0), ('vertex9', 0), ('vertex10', 0), ('vertex11', 0)]",0:00:23.130447,"[3.734836007109285, 5.886977153004757, 5.755388779222474, 3.068354607929142, 3.0464733709651894, 5.027385006143852, 3.9887466703213965, 2.5066710992868604, 3.8263298341883702, 3.203248351283426]","[2.533724, 2.242449, 2.073962, 2.211351, 1.910781, 2.02107, 2.275123, 2.820873, 2.36925, 2.257412]",8
1351650538.285,steps_lrtdp,64.04441087945476,"[('vertex3', 0), ('vertex4', 0), ('vertex2', 0), ('wait', 0), ('vertex5', 0), ('vertex6', 0), ('vertex7', 2), ('vertex8', 0), ('vertex9', 0), ('vertex10', 0), ('vertex11', 0)]",0:00:17.576837,"[3.734836007109285, 5.886977153004757, 5.755388779222474, 4.0, 3.068354607929142, 3.0464733709651894, 25.027385006143852, 3.9887466703213965, 2.5066710992868604, 3.8263298341883702, 3.203248351283426]","[1.995614, 1.556316, 1.230681, 1.40611, 1.474446, 1.255602, 1.326249, 2.078135, 1.766486, 1.672216, 1.512593]",2
1351650538.285,steps_lrtdp,64.04441087945476,"[('vertex3', 0), ('vertex4', 0), ('vertex2', 0), ('wait', 0), ('vertex5', 0), ('vertex6', 0), ('vertex7', 2), ('vertex8', 0), ('vertex9', 0), ('vertex10', 0), ('vertex11', 0)]",0:00:17.812857,"[3.734836007109285, 5.886977153004757, 5.755388779222474, 4.0, 3.068354607929142, 3.0464733709651894, 25.027385006143852, 3.9887466703213965, 2.5066710992868604, 3.8263298341883702, 3.203248351283426]","[2.051763, 1.614168, 1.268767, 1.566234, 1.569516, 1.346193, 1.289425, 1.966776, 1.806596, 1.608211, 1.423249]",5
1351650538.285,steps_lrtdp,64.04441087945476,"[('vertex3', 0), ('vertex4', 0), ('vertex2', 0), ('wait', 0), ('vertex5', 0), ('vertex6', 0), ('vertex7', 2), ('vertex8', 0), ('vertex9', 0), ('vertex10', 0), ('vertex11', 0)]",0:00:17.709368,"[3.734836007109285, 5.886977153004757, 5.755388779222474, 4.0, 3.068354607929142, 3.0464733709651894, 25.027385006143852, 3.9887466703213965, 2.5066710992868604, 3.8263298341883702, 3.203248351283426]","[2.02145, 1.672749, 1.188135, 1.516264, 1.576993, 1.380612, 1.365892, 1.915674, 1.732364, 1.609567, 1.424546]",8
1351648873.953,steps_lrtdp,70.04441087945474,"[('vertex3', 0), ('vertex4', 0), ('vertex2', 0), ('vertex5', 0), ('vertex6', 0), ('vertex7', 0), ('vertex8', 0), ('vertex9', 0), ('vertex10', 0), ('vertex11', 3)]",0:00:13.471387,"[3.734836007109285, 5.886977153004757, 5.755388779222474, 3.068354607929142, 3.0464733709651894, 5.027385006143852, 3.9887466703213965, 2.5066710992868604, 3.8263298341883702, 33.20324835128343]","[1.923855, 1.746708, 1.25299, 1.262465, 1.048214, 1.032961, 1.388192, 1.051928, 1.118461, 1.464783]",2
1351648873.953,steps_lrtdp,70.04441087945474,"[('vertex3', 0), ('vertex4', 0), ('vertex2', 0), ('vertex5', 0), ('vertex6', 0), ('vertex7', 0), ('vertex8', 0), ('vertex9', 0), ('vertex10', 0), ('vertex11', 3)]",0:00:13.536165,"[3.734836007109285, 5.886977153004757, 5.755388779222474, 3.068354607929142, 3.0464733709651894, 5.027385006143852, 3.9887466703213965, 2.5066710992868604, 3.8263298341883702, 33.20324835128343]","[1.926866, 1.571384, 1.264969, 1.285225, 1.095387, 1.029331, 1.548454, 0.993514, 1.084537, 1.555621]",5
1351648873.953,steps_lrtdp,70.04441087945474,"[('vertex3', 0), ('vertex4', 0), ('vertex2', 0), ('vertex5', 0), ('vertex6', 0), ('vertex7', 0), ('vertex8', 0), ('vertex9', 0), ('vertex10', 0), ('vertex11', 3)]",0:00:16.410979,"[3.734836007109285, 5.886977153004757, 5.755388779222474, 3.068354607929142, 3.0464733709651894, 5.027385006143852, 3.9887466703213965, 2.5066710992868604, 3.8263298341883702, 33.20324835128343]","[2.006048, 1.584796, 1.651128, 1.574467, 1.447318, 1.405241, 2.221219, 1.316367, 1.335196, 1.661344]",8
1351643664.117,steps_lrtdp,60.04441087945476,"[('vertex3', 0), ('vertex4', 0), ('vertex2', 0), ('vertex5', 0), ('vertex6', 0), ('vertex7', 2), ('vertex8', 0), ('vertex9', 0), ('vertex10', 0), ('vertex11', 0)]",0:00:10.672394,"[3.734836007109285, 5.886977153004757, 5.755388779222474, 3.068354607929142, 3.0464733709651894, 25.027385006143852, 3.9887466703213965, 2.5066710992868604, 3.8263298341883702, 3.203248351283426]","[1.15206, 0.93608, 1.097646, 0.977979, 1.051232, 1.277785, 0.924427, 1.349315, 0.94413, 0.780411]",2
1351643664.117,steps_lrtdp,60.04441087945476,"[('vertex3', 0), ('vertex4', 0), ('vertex2', 0), ('vertex5', 0), ('vertex6', 0), ('vertex7', 2), ('vertex8', 0), ('vertex9', 0), ('vertex10', 0), ('vertex11', 0)]",0:00:10.892471,"[3.734836007109285, 5.886977153004757, 5.755388779222474, 3.068354607929142, 3.0464733709651894, 25.027385006143852, 3.9887466703213965, 2.5066710992868604, 3.8263298341883702, 3.203248351283426]","[1.117854, 0.99041, 1.038621, 1.001336, 1.074475, 1.52527, 0.947114, 1.297575, 0.953976, 0.760189]",5
1351643664.117,steps_lrtdp,60.04441087945476,"[('vertex3', 0), ('vertex4', 0), ('vertex2', 0), ('vertex5', 0), ('vertex6', 0), ('vertex7', 2), ('vertex8', 0), ('vertex9', 0), ('vertex10', 0), ('vertex11', 0)]",0:00:11.068862,"[3.734836007109285, 5.886977153004757, 5.755388779222474, 3.068354607929142, 3.0464733709651894, 25.027385006143852, 3.9887466703213965, 2.5066710992868604, 3.8263298341883702, 3.203248351283426]","[1.14182, 0.916524, 1.128067, 0.970372, 1.093299, 1.404678, 0.954066, 1.380395, 1.009387, 0.88143]",8
1351648641.592,steps_lrtdp,104.04441087945474,"[('vertex3', 0), ('vertex4', 0), ('vertex2', 0), ('vertex5', 0), ('vertex6', 0), ('vertex7', 1), ('wait', 0), ('vertex8', 0), ('vertex9', 2), ('vertex10', 0), ('vertex11', 3)]",0:00:12.152952,"[3.734836007109285, 5.886977153004757, 5.755388779222474, 3.068354607929142, 3.0464733709651894, 15.027385006143852, 4.0, 3.9887466703213965, 22.506671099286862, 3.8263298341883702, 33.20324835128343]","[1.483359, 1.216606, 1.635328, 0.978889, 1.23689, 1.303488, 1.027937, 0.759256, 0.986587, 0.612147, 0.746412]",2
1351648641.592,steps_lrtdp,104.04441087945474,"[('vertex3', 0), ('vertex4', 0), ('vertex2', 0), ('vertex5', 0), ('vertex6', 0), ('vertex7', 1), ('wait', 0), ('vertex8', 0), ('vertex9', 2), ('vertex10', 0), ('vertex11', 3)]",0:00:12.185943,"[3.734836007109285, 5.886977153004757, 5.755388779222474, 3.068354607929142, 3.0464733709651894, 15.027385006143852, 4.0, 3.9887466703213965, 22.506671099286862, 3.8263298341883702, 33.20324835128343]","[1.475999, 1.267766, 1.651937, 1.012629, 1.160885, 1.22384, 1.064919, 0.77219, 1.011824, 0.664681, 0.712698]",5
1351648641.592,steps_lrtdp,104.04441087945474,"[('vertex3', 0), ('vertex4', 0), ('vertex2', 0), ('vertex5', 0), ('vertex6', 0), ('vertex7', 1), ('wait', 0), ('vertex8', 0), ('vertex9', 2), ('vertex10', 0), ('vertex11', 3)]",0:00:11.765676,"[3.734836007109285, 5.886977153004757, 5.755388779222474, 3.068354607929142, 3.0464733709651894, 15.027385006143852, 4.0, 3.9887466703213965, 22.506671099286862, 3.8263298341883702, 33.20324835128343]","[1.384504, 1.154157, 1.762739, 1.017309, 1.175279, 1.181265, 0.982204, 0.751472, 0.942845, 0.595295, 0.65811]",8
1351642058.707,steps_lrtdp,72.04441087945474,"[('vertex3', 0), ('vertex4', 0), ('vertex2', 0), ('vertex5', 0), ('vertex6', 0), ('wait', 0), ('wait', 0), ('wait', 0), ('vertex7', 0), ('vertex8', 0), ('vertex9', 0), ('vertex10', 2), ('vertex11', 0)]",0:00:08.741267,"[3.734836007109285, 5.886977153004757, 5.755388779222474, 3.068354607929142, 3.0464733709651894, 4.0, 4.0, 4.0, 5.027385006143852, 3.9887466703213965, 2.5066710992868604, 23.82632983418837, 3.203248351283426]","[0.301565, 0.353742, 0.497001, 0.672511, 0.612148, 0.915038, 0.921459, 0.767746, 0.811818, 0.717271, 0.63105, 0.757889, 0.648442]",2
1351642058.707,steps_lrtdp,72.04441087945474,"[('vertex3', 0), ('vertex4', 0), ('vertex2', 0), ('vertex5', 0), ('vertex6', 0), ('wait', 0), ('wait', 0), ('wait', 0), ('vertex7', 0), ('vertex8', 0), ('vertex9', 0), ('vertex10', 2), ('vertex11', 0)]",0:00:09.017179,"[3.734836007109285, 5.886977153004757, 5.755388779222474, 3.068354607929142, 3.0464733709651894, 4.0, 4.0, 4.0, 5.027385006143852, 3.9887466703213965, 2.5066710992868604, 23.82632983418837, 3.203248351283426]","[0.282296, 0.320052, 0.514108, 0.709335, 0.67866, 0.762499, 0.918534, 0.847495, 0.915017, 0.766745, 0.695439, 0.752863, 0.711887]",5
1351642058.707,steps_lrtdp,72.04441087945474,"[('vertex3', 0), ('vertex4', 0), ('vertex2', 0), ('vertex5', 0), ('vertex6', 0), ('wait', 0), ('wait', 0), ('wait', 0), ('vertex7', 0), ('vertex8', 0), ('vertex9', 0), ('vertex10', 2), ('vertex11', 0)]",0:00:10.245843,"[3.734836007109285, 5.886977153004757, 5.755388779222474, 3.068354607929142, 3.0464733709651894, 4.0, 4.0, 4.0, 5.027385006143852, 3.9887466703213965, 2.5066710992868604, 23.82632983418837, 3.203248351283426]","[0.332275, 0.340517, 0.545762, 0.748249, 0.793767, 1.016762, 1.227501, 1.068972, 1.078459, 0.883979, 0.741623, 0.737938, 0.580244]",8
1351651158.0,steps_lrtdp,70.04441087945474,"[('vertex3', 0), ('vertex4', 0), ('vertex2', 3), ('vertex5', 0), ('vertex6', 0), ('vertex7', 0), ('vertex8', 0), ('vertex9', 0), ('vertex10', 0), ('vertex11', 0)]",0:00:29.358164,"[3.734836007109285, 5.886977153004757, 35.75538877922247, 3.068354607929142, 3.0464733709651894, 5.027385006143852, 3.9887466703213965, 2.5066710992868604, 3.8263298341883702, 3.203248351283426]","[3.554461, 2.316273, 2.934402, 2.18918, 2.481686, 2.484152, 3.788011, 3.455573, 2.793875, 2.938546]",2
1351651158.0,steps_lrtdp,70.04441087945474,"[('vertex3', 0), ('vertex4', 0), ('vertex2', 3), ('vertex5', 0), ('vertex6', 0), ('vertex7', 0), ('vertex8', 0), ('vertex9', 0), ('vertex10', 0), ('vertex11', 0)]",0:00:30.810618,"[3.734836007109285, 5.886977153004757, 35.75538877922247, 3.068354607929142, 3.0464733709651894, 5.027385006143852, 3.9887466703213965, 2.5066710992868604, 3.8263298341883702, 3.203248351283426]","[3.647386, 2.428804, 3.017217, 2.420045, 2.632876, 2.665318, 3.958381, 3.614281, 2.921294, 3.056943]",5
1351651158.0,steps_lrtdp,70.04441087945474,"[('vertex3', 0), ('vertex4', 0), ('vertex2', 3), ('vertex5', 0), ('vertex6', 0), ('vertex7', 0), ('vertex8', 0), ('vertex9', 0), ('vertex10', 0), ('vertex11', 0)]",0:00:30.887330,"[3.734836007109285, 5.886977153004757, 35.75538877922247, 3.068354607929142, 3.0464733709651894, 5.027385006143852, 3.9887466703213965, 2.5066710992868604, 3.8263298341883702, 3.203248351283426]","[3.66801, 2.512955, 3.123924, 2.419722, 2.721637, 2.580281, 3.781034, 3.63501, 2.865472, 3.118503]",8
1351643063.064,steps_lrtdp,108.04441087945476,"[('vertex3', 0), ('vertex4', 0), ('vertex2', 0), ('vertex5', 0), ('vertex6', 0), ('wait', 0), ('wait', 0), ('vertex7', 1), ('vertex8', 2), ('vertex9', 3), ('vertex10', 0), ('vertex11', 0)]",0:00:09.485685,"[3.734836007109285, 5.886977153004757, 5.755388779222474, 3.068354607929142, 3.0464733709651894, 4.0, 4.0, 15.027385006143852, 23.988746670321397, 32.50667109928686, 3.8263298341883702, 3.203248351283426]","[0.631993, 0.547418, 0.727185, 0.66516, 0.798341, 0.583975, 0.728903, 0.746266, 0.88175, 0.592024, 1.329047, 1.075465]",2
1351643063.064,steps_lrtdp,108.04441087945476,"[('vertex3', 0), ('vertex4', 0), ('vertex2', 0), ('vertex5', 0), ('vertex6', 0), ('wait', 0), ('wait', 0), ('vertex7', 1), ('vertex8', 2), ('vertex9', 3), ('vertex10', 0), ('vertex11', 0)]",0:00:09.392732,"[3.734836007109285, 5.886977153004757, 5.755388779222474, 3.068354607929142, 3.0464733709651894, 4.0, 4.0, 15.027385006143852, 23.988746670321397, 32.50667109928686, 3.8263298341883702, 3.203248351283426]","[0.606698, 0.525467, 0.732131, 0.651495, 0.846917, 0.590417, 0.6871, 0.727195, 0.82637, 0.587314, 1.337198, 1.099945]",5
1351643063.064,steps_lrtdp,108.04441087945476,"[('vertex3', 0), ('vertex4', 0), ('vertex2', 0), ('vertex5', 0), ('vertex6', 0), ('wait', 0), ('wait', 0), ('vertex7', 1), ('vertex8', 2), ('vertex9', 3), ('vertex10', 0), ('vertex11', 0)]",0:00:09.511111,"[3.734836007109285, 5.886977153004757, 5.755388779222474, 3.068354607929142, 3.0464733709651894, 4.0, 4.0, 15.027385006143852, 23.988746670321397, 32.50667109928686, 3.8263298341883702, 3.203248351283426]","[0.625959, 0.53143, 0.712811, 0.678202, 0.839471, 0.571953, 0.675068, 0.772813, 0.91452, 0.638224, 1.331309, 1.047772]",8
1351647438.026,steps_lrtdp,60.04441087945475,"[('vertex3', 0), ('vertex4', 0), ('vertex2', 0), ('vertex5', 0), ('vertex6', 0), ('vertex7', 0), ('vertex8', 2), ('vertex9', 0), ('vertex10', 0), ('vertex11', 0)]",0:00:20.987114,"[3.734836007109285, 5.886977153004757, 5.755388779222474, 3.068354607929142, 3.0464733709651894, 5.027385006143852, 23.988746670321397, 2.5066710992868604, 3.8263298341883702, 3.203248351283426]","[1.862256, 1.614465, 2.092288, 2.442838, 2.020251, 2.058008, 2.659165, 2.428156, 1.763458, 1.704653]",2
1351647438.026,steps_lrtdp,60.04441087945475,"[('vertex3', 0), ('vertex4', 0), ('vertex2', 0), ('vertex5', 0), ('vertex6', 0), ('vertex7', 0), ('vertex8', 2), ('vertex9', 0), ('vertex10', 0), ('vertex11', 0)]",0:00:20.646099,"[3.734836007109285, 5.886977153004757, 5.755388779222474, 3.068354607929142, 3.0464733709651894, 5.027385006143852, 23.988746670321397, 2.5066710992868604, 3.8263298341883702, 3.203248351283426]","[2.612651, 2.048207, 2.315725, 2.663103, 2.052707, 2.270825, 2.453895, 1.566816, 1.180326, 1.172979]",5
1351647438.026,steps_lrtdp,60.04441087945475,"[('vertex3', 0), ('vertex4', 0), ('vertex2', 0), ('vertex5', 0), ('vertex6', 0), ('vertex7', 0), ('vertex8', 2), ('vertex9', 0), ('vertex10', 0), ('vertex11', 0)]",0:00:18.810052,"[3.734836007109285, 5.886977153004757, 5.755388779222474, 3.068354607929142, 3.0464733709651894, 5.027385006143852, 23.988746670321397, 2.5066710992868604, 3.8263298341883702, 3.203248351283426]","[1.779294, 1.615004, 2.139392, 2.513409, 2.062928, 2.032961, 2.477628, 1.507833, 1.230786, 1.157941]",8
1351651316.591,steps_lrtdp,44.04441087945475,"[('vertex3', 0), ('vertex4', 0), ('vertex2', 0), ('vertex5', 0), ('vertex6', 0), ('vertex7', 0), ('vertex8', 0), ('wait', 0), ('vertex9', 0), ('vertex10', 0), ('vertex11', 0)]",0:00:35.568692,"[3.734836007109285, 5.886977153004757, 5.755388779222474, 3.068354607929142, 3.0464733709651894, 5.027385006143852, 3.9887466703213965, 4.0, 2.5066710992868604, 3.8263298341883702, 3.203248351283426]","[3.201254, 3.226998, 3.108623, 3.570875, 3.559681, 3.251008, 2.936172, 2.633609, 2.939426, 3.280421, 3.453824]",2
1351651316.591,steps_lrtdp,44.04441087945475,"[('vertex3', 0), ('vertex4', 0), ('vertex2', 0), ('vertex5', 0), ('vertex6', 0), ('vertex7', 0), ('vertex8', 0), ('wait', 0), ('vertex9', 0), ('vertex10', 0), ('vertex11', 0)]",0:00:35.156863,"[3.734836007109285, 5.886977153004757, 5.755388779222474, 3.068354607929142, 3.0464733709651894, 5.027385006143852, 3.9887466703213965, 4.0, 2.5066710992868604, 3.8263298341883702, 3.203248351283426]","[3.023717, 3.068462, 3.097998, 3.486832, 3.575197, 3.064001, 2.876483, 2.929311, 2.900338, 3.298319, 3.433757]",5
1351651316.591,steps_lrtdp,44.04441087945475,"[('vertex3', 0), ('vertex4', 0), ('vertex2', 0), ('vertex5', 0), ('vertex6', 0), ('vertex7', 0), ('vertex8', 0), ('wait', 0), ('vertex9', 0), ('vertex10', 0), ('vertex11', 0)]",0:00:35.480991,"[3.734836007109285, 5.886977153004757, 5.755388779222474, 3.068354607929142, 3.0464733709651894, 5.027385006143852, 3.9887466703213965, 4.0, 2.5066710992868604, 3.8263298341883702, 3.203248351283426]","[3.381037, 3.093287, 3.134927, 3.468301, 3.396537, 3.275855, 3.060469, 2.710434, 2.805917, 3.340448, 3.39965]",8
1351644992.298,steps_lrtdp,50.04441087945476,"[('vertex3', 0), ('vertex4', 0), ('vertex2', 0), ('vertex5', 0), ('vertex6', 1), ('vertex7', 0), ('vertex8', 0), ('vertex9', 0), ('vertex10', 0), ('vertex11', 0)]",0:00:10.039996,"[3.734836007109285, 5.886977153004757, 5.755388779222474, 3.068354607929142, 13.04647337096519, 5.027385006143852, 3.9887466703213965, 2.5066710992868604, 3.8263298341883702, 3.203248351283426]","[1.650201, 0.906685, 0.868379, 0.811704, 0.870258, 0.781382, 1.025646, 1.159728, 0.767496, 0.999098]",2
1351644992.298,steps_lrtdp,50.04441087945476,"[('vertex3', 0), ('vertex4', 0), ('vertex2', 0), ('vertex5', 0), ('vertex6', 1), ('vertex7', 0), ('vertex8', 0), ('vertex9', 0), ('vertex10', 0), ('vertex11', 0)]",0:00:10.285821,"[3.734836007109285, 5.886977153004757, 5.755388779222474, 3.068354607929142, 13.04647337096519, 5.027385006143852, 3.9887466703213965, 2.5066710992868604, 3.8263298341883702, 3.203248351283426]","[1.566095, 0.925995, 0.916462, 0.899814, 0.872095, 0.791063, 1.041528, 1.239207, 0.776671, 1.047138]",5
1351644992.298,steps_lrtdp,50.04441087945476,"[('vertex3', 0), ('vertex4', 0), ('vertex2', 0), ('vertex5', 0), ('vertex6', 1), ('vertex7', 0), ('vertex8', 0), ('vertex9', 0), ('vertex10', 0), ('vertex11', 0)]",0:00:10.248106,"[3.734836007109285, 5.886977153004757, 5.755388779222474, 3.068354607929142, 13.04647337096519, 5.027385006143852, 3.9887466703213965, 2.5066710992868604, 3.8263298341883702, 3.203248351283426]","[1.593872, 0.907838, 0.944093, 0.861579, 0.885103, 0.745639, 1.094824, 1.209766, 0.800153, 0.992148]",8
1351648037.488,steps_lrtdp,44.04441087945475,"[('vertex3', 0), ('vertex4', 0), ('wait', 0), ('vertex2', 0), ('vertex5', 0), ('vertex6', 0), ('vertex7', 0), ('vertex8', 0), ('vertex9', 0), ('vertex10', 0), ('vertex11', 0)]",0:00:24.112827,"[3.734836007109285, 5.886977153004757, 4.0, 5.755388779222474, 3.068354607929142, 3.0464733709651894, 5.027385006143852, 3.9887466703213965, 2.5066710992868604, 3.8263298341883702, 3.203248351283426]","[2.35933, 1.747502, 2.602847, 1.511455, 2.008139, 2.515989, 2.111082, 2.372405, 1.907955, 2.82114, 1.898567]",2
1351648037.488,steps_lrtdp,44.04441087945475,"[('vertex3', 0), ('vertex4', 0), ('wait', 0), ('vertex2', 0), ('vertex5', 0), ('vertex6', 0), ('vertex7', 0), ('vertex8', 0), ('vertex9', 0), ('vertex10', 0), ('vertex11', 0)]",0:00:24.008623,"[3.734836007109285, 5.886977153004757, 4.0, 5.755388779222474, 3.068354607929142, 3.0464733709651894, 5.027385006143852, 3.9887466703213965, 2.5066710992868604, 3.8263298341883702, 3.203248351283426]","[2.417104, 1.626619, 2.535703, 1.601953, 1.932834, 2.358678, 2.31821, 2.423436, 1.975344, 2.633926, 1.933757]",5
1351648037.488,steps_lrtdp,44.04441087945475,"[('vertex3', 0), ('vertex4', 0), ('wait', 0), ('vertex2', 0), ('vertex5', 0), ('vertex6', 0), ('vertex7', 0), ('vertex8', 0), ('vertex9', 0), ('vertex10', 0), ('vertex11', 0)]",0:00:24.559925,"[3.734836007109285, 5.886977153004757, 4.0, 5.755388779222474, 3.068354607929142, 3.0464733709651894, 5.027385006143852, 3.9887466703213965, 2.5066710992868604, 3.8263298341883702, 3.203248351283426]","[2.37512, 1.599662, 2.825605, 1.643945, 2.059324, 2.519531, 2.079357, 2.383373, 2.102796, 2.646279, 2.070199]",8
1351650953.42,steps_lrtdp,98.04441087945476,"[('vertex3', 0), ('vertex4', 0), ('vertex2', 0), ('vertex5', 2), ('vertex6', 2), ('wait', 0), ('vertex7', 0), ('wait', 0), ('vertex8', 1), ('vertex9', 0), ('vertex10', 0), ('vertex11', 0)]",0:00:24.899596,"[3.734836007109285, 5.886977153004757, 5.755388779222474, 23.06835460792914, 23.046473370965188, 4.0, 5.027385006143852, 4.0, 13.988746670321397, 2.5066710992868604, 3.8263298341883702, 3.203248351283426]","[1.428609, 1.27659, 1.587741, 1.789282, 1.582007, 2.522746, 2.291728, 2.50698, 2.478562, 2.395112, 2.307657, 2.379815]",2
1351650953.42,steps_lrtdp,98.04441087945476,"[('vertex3', 0), ('vertex4', 0), ('vertex2', 0), ('vertex5', 2), ('vertex6', 2), ('wait', 0), ('vertex7', 0), ('wait', 0), ('vertex8', 1), ('vertex9', 0), ('vertex10', 0), ('vertex11', 0)]",0:00:24.824907,"[3.734836007109285, 5.886977153004757, 5.755388779222474, 23.06835460792914, 23.046473370965188, 4.0, 5.027385006143852, 4.0, 13.988746670321397, 2.5066710992868604, 3.8263298341883702, 3.203248351283426]","[1.437085, 1.261036, 1.544075, 1.900532, 1.638856, 2.573622, 2.110976, 2.48807, 2.372016, 2.487118, 2.230785, 2.429225]",5
1351650953.42,steps_lrtdp,98.04441087945476,"[('vertex3', 0), ('vertex4', 0), ('vertex2', 0), ('vertex5', 2), ('vertex6', 2), ('wait', 0), ('vertex7', 0), ('wait', 0), ('vertex8', 1), ('vertex9', 0), ('vertex10', 0), ('vertex11', 0)]",0:00:24.755978,"[3.734836007109285, 5.886977153004757, 5.755388779222474, 23.06835460792914, 23.046473370965188, 4.0, 5.027385006143852, 4.0, 13.988746670321397, 2.5066710992868604, 3.8263298341883702, 3.203248351283426]","[1.407163, 1.247624, 1.556766, 1.692862, 1.698161, 2.591985, 2.26797, 2.306708, 2.43283, 2.449683, 2.350138, 2.399578]",8
1351648165.169,steps_lrtdp,99.71986257491656,"[('vertex3', 0), ('vertex4', 0), ('vertex2', 0), ('vertex5', 0), ('vertex6', 0), ('vertex7', 0), ('vertex8', 0), ('wait', 0), ('wait', 0), ('vertex9', 0), ('vertex11', 0), ('wait', 0), ('wait', 0), ('wait', 0), ('wait', 0), ('wait', 0), ('vertex10', 3)]",0:00:35.151823,"[3.734836007109285, 5.886977153004757, 5.755388779222474, 3.068354607929142, 3.0464733709651894, 5.027385006143852, 3.9887466703213965, 4.0, 4.0, 2.5066710992868604, 5.501781529650191, 4.0, 4.0, 4.0, 4.0, 4.0, 33.20324835128343]","[2.909022, 2.150969, 2.394943, 1.881566, 2.262612, 2.159612, 2.456868, 2.334388, 2.085744, 2.356588, 2.059899, 2.018035, 1.805024, 1.651649, 1.561773, 1.403176, 1.343217]",2
1351648165.169,steps_lrtdp,99.71986257491656,"[('vertex3', 0), ('vertex4', 0), ('vertex2', 0), ('vertex5', 0), ('vertex6', 0), ('vertex7', 0), ('vertex8', 0), ('wait', 0), ('wait', 0), ('vertex9', 0), ('vertex11', 0), ('wait', 0), ('wait', 0), ('wait', 0), ('wait', 0), ('wait', 0), ('vertex10', 3)]",0:00:34.025998,"[3.734836007109285, 5.886977153004757, 5.755388779222474, 3.068354607929142, 3.0464733709651894, 5.027385006143852, 3.9887466703213965, 4.0, 4.0, 2.5066710992868604, 5.501781529650191, 4.0, 4.0, 4.0, 4.0, 4.0, 33.20324835128343]","[3.034169, 2.169971, 2.227082, 1.97389, 2.029277, 2.093299, 2.324959, 2.240648, 2.077591, 2.278178, 1.867612, 2.051726, 1.678813, 1.640369, 1.490612, 1.228826, 1.305312]",5
1351648165.169,steps_lrtdp,99.71986257491656,"[('vertex3', 0), ('vertex4', 0), ('vertex2', 0), ('vertex5', 0), ('vertex6', 0), ('vertex7', 0), ('vertex8', 0), ('wait', 0), ('wait', 0), ('vertex9', 0), ('vertex11', 0), ('wait', 0), ('wait', 0), ('wait', 0), ('wait', 0), ('wait', 0), ('vertex10', 3)]",0:00:33.625292,"[3.734836007109285, 5.886977153004757, 5.755388779222474, 3.068354607929142, 3.0464733709651894, 5.027385006143852, 3.9887466703213965, 4.0, 4.0, 2.5066710992868604, 5.501781529650191, 4.0, 4.0, 4.0, 4.0, 4.0, 33.20324835128343]","[2.733119, 2.316508, 2.168207, 1.880043, 2.088406, 1.90588, 2.286311, 2.063884, 1.907866, 2.228964, 2.013628, 1.98181, 1.668737, 1.613936, 1.42303, 1.484108, 1.535794]",8
1351643001.929,steps_lrtdp,106.04441087945474,"[('vertex3', 0), ('vertex4', 0), ('wait', 0), ('wait', 0), ('wait', 0), ('wait', 0), ('wait', 0), ('wait', 0), ('wait', 0), ('wait', 0), ('wait', 0), ('vertex2', 0), ('vertex5', 0), ('vertex6', 0), ('vertex7', 0), ('vertex8', 0), ('vertex9', 0), ('vertex10', 0), ('vertex11', 3)]",0:00:20.776450,"[3.734836007109285, 5.886977153004757, 4.0, 4.0, 4.0, 4.0, 4.0, 4.0, 4.0, 4.0, 4.0, 5.755388779222474, 3.068354607929142, 3.0464733709651894, 5.027385006143852, 3.9887466703213965, 2.5066710992868604, 3.8263298341883702, 33.20324835128343]","[2.043453, 1.881513, 2.023479, 1.543266, 1.615418, 1.617354, 1.707152, 0.861401, 0.835898, 0.882882, 0.695656, 0.722076, 0.811947, 0.558104, 0.499915, 0.514104, 0.523155, 0.519379, 0.749114]",2
1351643001.929,steps_lrtdp,106.04441087945474,"[('vertex3', 0), ('vertex4', 0), ('wait', 0), ('wait', 0), ('wait', 0), ('wait', 0), ('wait', 0), ('wait', 0), ('wait', 0), ('wait', 0), ('wait', 0), ('vertex2', 0), ('vertex5', 0), ('vertex6', 0), ('vertex7', 0), ('vertex8', 0), ('vertex9', 0), ('vertex10', 0), ('vertex11', 3)]",0:00:18.517739,"[3.734836007109285, 5.886977153004757, 4.0, 4.0, 4.0, 4.0, 4.0, 4.0, 4.0, 4.0, 4.0, 5.755388779222474, 3.068354607929142, 3.0464733709651894, 5.027385006143852, 3.9887466703213965, 2.5066710992868604, 3.8263298341883702, 33.20324835128343]","[1.422848, 1.236172, 1.504258, 1.118534, 1.572894, 1.564515, 1.626792, 0.924619, 0.831021, 0.822303, 0.720902, 0.818875, 0.799913, 0.563999, 0.548753, 0.465209, 0.551431, 0.509179, 0.757125]",5
1351643001.929,steps_lrtdp,106.04441087945474,"[('vertex3', 0), ('vertex4', 0), ('wait', 0), ('wait', 0), ('wait', 0), ('wait', 0), ('wait', 0), ('wait', 0), ('wait', 0), ('wait', 0), ('wait', 0), ('vertex2', 0), ('vertex5', 0), ('vertex6', 0), ('vertex7', 0), ('vertex8', 0), ('vertex9', 0), ('vertex10', 0), ('vertex11', 3)]",0:00:18.928040,"[3.734836007109285, 5.886977153004757, 4.0, 4.0, 4.0, 4.0, 4.0, 4.0, 4.0, 4.0, 4.0, 5.755388779222474, 3.068354607929142, 3.0464733709651894, 5.027385006143852, 3.9887466703213965, 2.5066710992868604, 3.8263298341883702, 33.20324835128343]","[1.539789, 1.304418, 1.483123, 1.158284, 1.464169, 1.551877, 1.748624, 0.903804, 0.844188, 0.854561, 0.689244, 0.808519, 0.83637, 0.731643, 0.575145, 0.486813, 0.511827, 0.508712, 0.761147]",8
1351648130.394,steps_lrtdp,162.04441087945474,"[('vertex3', 0), ('vertex4', 0), ('vertex2', 0), ('vertex5', 1), ('wait', 0), ('vertex6', 5), ('vertex7', 3), ('vertex8', 0), ('vertex9', 0), ('vertex10', 0), ('wait', 0), ('wait', 0), ('wait', 0), ('wait', 0), ('wait', 0), ('wait', 0), ('wait', 0), ('vertex11', 0)]",0:00:40.174723,"[3.734836007109285, 5.886977153004757, 5.755388779222474, 13.068354607929141, 4.0, 53.04647337096519, 35.02738500614385, 3.9887466703213965, 2.5066710992868604, 3.8263298341883702, 4.0, 4.0, 4.0, 4.0, 4.0, 4.0, 4.0, 3.203248351283426]","[2.796525, 2.406735, 3.291115, 3.748654, 3.447842, 2.888399, 1.832835, 1.894771, 2.182266, 2.122244, 2.030127, 1.917306, 1.161417, 1.856187, 1.51912, 1.473424, 1.585347, 1.665439]",2
1351648130.394,steps_lrtdp,162.04441087945474,"[('vertex3', 0), ('vertex4', 0), ('vertex2', 0), ('vertex5', 1), ('wait', 0), ('vertex6', 5), ('vertex7', 3), ('vertex8', 0), ('vertex9', 0), ('vertex10', 0), ('wait', 0), ('wait', 0), ('wait', 0), ('wait', 0), ('wait', 0), ('wait', 0), ('wait', 0), ('vertex11', 0)]",0:00:37.308118,"[3.734836007109285, 5.886977153004757, 5.755388779222474, 13.068354607929141, 4.0, 53.04647337096519, 35.02738500614385, 3.9887466703213965, 2.5066710992868604, 3.8263298341883702, 4.0, 4.0, 4.0, 4.0, 4.0, 4.0, 4.0, 3.203248351283426]","[2.76278, 2.238211, 2.496404, 2.394311, 2.494558, 2.78977, 1.73918, 1.935448, 2.441186, 2.053775, 2.31948, 1.845604, 1.234792, 1.8674, 1.343197, 1.634513, 1.668144, 1.733347]",5
1351648130.394,steps_lrtdp,162.04441087945474,"[('vertex3', 0), ('vertex4', 0), ('vertex2', 0), ('vertex5', 1), ('wait', 0), ('vertex6', 5), ('vertex7', 3), ('vertex8', 0), ('vertex9', 0), ('vertex10', 0), ('wait', 0), ('wait', 0), ('wait', 0), ('wait', 0), ('wait', 0), ('wait', 0), ('wait', 0), ('vertex11', 0)]",0:00:40.891288,"[3.734836007109285, 5.886977153004757, 5.755388779222474, 13.068354607929141, 4.0, 53.04647337096519, 35.02738500614385, 3.9887466703213965, 2.5066710992868604, 3.8263298341883702, 4.0, 4.0, 4.0, 4.0, 4.0, 4.0, 4.0, 3.203248351283426]","[2.989706, 2.279574, 2.776099, 2.943834, 3.406107, 3.834627, 2.126271, 2.068763, 2.481444, 2.118175, 2.102933, 1.832511, 1.231755, 1.879739, 1.37811, 1.617438, 1.696324, 1.796394]",8
1351642699.771,steps_lrtdp,90.04441087945474,"[('vertex3', 0), ('vertex4', 0), ('vertex2', 0), ('vertex5', 0), ('vertex6', 0), ('vertex7', 2), ('vertex8', 0), ('vertex9', 3), ('vertex10', 0), ('vertex11', 0)]",0:00:09.010451,"[3.734836007109285, 5.886977153004757, 5.755388779222474, 3.068354607929142, 3.0464733709651894, 25.027385006143852, 3.9887466703213965, 32.50667109928686, 3.8263298341883702, 3.203248351283426]","[1.150412, 0.996596, 0.81296, 0.919789, 0.75251, 0.792998, 0.742784, 0.686764, 0.876367, 1.103014]",2
1351642699.771,steps_lrtdp,90.04441087945474,"[('vertex3', 0), ('vertex4', 0), ('vertex2', 0), ('vertex5', 0), ('vertex6', 0), ('vertex7', 2), ('vertex8', 0), ('vertex9', 3), ('vertex10', 0), ('vertex11', 0)]",0:00:08.817054,"[3.734836007109285, 5.886977153004757, 5.755388779222474, 3.068354607929142, 3.0464733709651894, 25.027385006143852, 3.9887466703213965, 32.50667109928686, 3.8263298341883702, 3.203248351283426]","[1.122869, 1.096153, 0.78927, 0.804441, 0.750602, 0.815397, 0.638847, 0.694936, 0.763181, 1.172778]",5
1351642699.771,steps_lrtdp,90.04441087945474,"[('vertex3', 0), ('vertex4', 0), ('vertex2', 0), ('vertex5', 0), ('vertex6', 0), ('vertex7', 2), ('vertex8', 0), ('vertex9', 3), ('vertex10', 0), ('vertex11', 0)]",0:00:08.959829,"[3.734836007109285, 5.886977153004757, 5.755388779222474, 3.068354607929142, 3.0464733709651894, 25.027385006143852, 3.9887466703213965, 32.50667109928686, 3.8263298341883702, 3.203248351283426]","[1.185352, 1.158399, 0.78826, 0.812552, 0.734656, 0.781471, 0.682288, 0.716182, 0.838711, 1.090025]",8
1351650881.671,steps_lrtdp,92.04441087945474,"[('vertex3', 0), ('vertex4', 0), ('vertex2', 0), ('vertex5', 0), ('vertex6', 2), ('vertex7', 0), ('wait', 0), ('wait', 0), ('vertex8', 2), ('vertex9', 0), ('vertex10', 0), ('wait', 0), ('vertex11', 0)]",0:00:27.408815,"[3.734836007109285, 5.886977153004757, 5.755388779222474, 3.068354607929142, 23.046473370965188, 5.027385006143852, 4.0, 4.0, 23.988746670321397, 2.5066710992868604, 3.8263298341883702, 4.0, 3.203248351283426]","[2.657129, 2.354728, 2.051813, 1.910153, 2.148607, 2.384499, 1.459316, 2.189265, 2.178372, 2.104767, 1.967034, 2.09764, 1.516964]",2
1351650881.671,steps_lrtdp,92.04441087945474,"[('vertex3', 0), ('vertex4', 0), ('vertex2', 0), ('vertex5', 0), ('vertex6', 2), ('vertex7', 0), ('wait', 0), ('wait', 0), ('vertex8', 2), ('vertex9', 0), ('vertex10', 0), ('wait', 0), ('vertex11', 0)]",0:00:24.670586,"[3.734836007109285, 5.886977153004757, 5.755388779222474, 3.068354607929142, 23.046473370965188, 5.027385006143852, 4.0, 4.0, 23.988746670321397, 2.5066710992868604, 3.8263298341883702, 4.0, 3.203248351283426]","[2.962586, 2.205092, 2.010478, 1.881724, 1.917658, 2.31333, 1.619353, 1.975502, 1.72592, 1.356938, 1.426356, 1.58949, 1.337161]",5
1351650881.671,steps_lrtdp,92.04441087945474,"[('vertex3', 0), ('vertex4', 0), ('vertex2', 0), ('vertex5', 0), ('vertex6', 2), ('vertex7', 0), ('wait', 0), ('wait', 0), ('vertex8', 2), ('vertex9', 0), ('vertex10', 0), ('wait', 0), ('vertex11', 0)]",0:00:24.731982,"[3.734836007109285, 5.886977153004757, 5.755388779222474, 3.068354607929142, 23.046473370965188, 5.027385006143852, 4.0, 4.0, 23.988746670321397, 2.5066710992868604, 3.8263298341883702, 4.0, 3.203248351283426]","[2.759959, 2.384706, 2.049842, 1.894961, 1.965235, 1.770023, 1.511009, 1.904976, 2.158102, 1.450164, 1.458214, 1.749121, 1.324569]",8
1351644687.166,steps_lrtdp,60.04441087945475,"[('vertex3', 0), ('vertex4', 0), ('vertex2', 0), ('vertex5', 0), ('vertex6', 0), ('vertex7', 0), ('vertex8', 1), ('vertex9', 1), ('vertex10', 0), ('vertex11', 0)]",0:00:15.753082,"[3.734836007109285, 5.886977153004757, 5.755388779222474, 3.068354607929142, 3.0464733709651894, 5.027385006143852, 13.988746670321397, 12.50667109928686, 3.8263298341883702, 3.203248351283426]","[1.483552, 1.518139, 1.847803, 1.440856, 1.587529, 1.358698, 1.694626, 1.627249, 1.318968, 1.603956]",2
1351644687.166,steps_lrtdp,60.04441087945475,"[('vertex3', 0), ('vertex4', 0), ('vertex2', 0), ('vertex5', 0), ('vertex6', 0), ('vertex7', 0), ('vertex8', 1), ('vertex9', 1), ('vertex10', 0), ('vertex11', 0)]",0:00:17.396058,"[3.734836007109285, 5.886977153004757, 5.755388779222474, 3.068354607929142, 3.0464733709651894, 5.027385006143852, 13.988746670321397, 12.50667109928686, 3.8263298341883702, 3.203248351283426]","[2.094488, 2.35926, 2.167236, 1.672557, 1.947057, 1.562197, 1.576976, 1.603209, 1.060902, 1.076063]",5
1351644687.166,steps_lrtdp,60.04441087945475,"[('vertex3', 0), ('vertex4', 0), ('vertex2', 0), ('vertex5', 0), ('vertex6', 0), ('vertex7', 0), ('vertex8', 1), ('vertex9', 1), ('vertex10', 0), ('vertex11', 0)]",0:00:14.804652,"[3.734836007109285, 5.886977153004757, 5.755388779222474, 3.068354607929142, 3.0464733709651894, 5.027385006143852, 13.988746670321397, 12.50667109928686, 3.8263298341883702, 3.203248351283426]","[1.48411, 1.52446, 1.907534, 1.380364, 1.646513, 1.410648, 1.517925, 1.482229, 1.099353, 1.103564]",8
1351642504.783,steps_lrtdp,102.04441087945474,"[('vertex3', 0), ('vertex4', 0), ('vertex2', 0), ('wait', 0), ('vertex5', 0), ('vertex6', 3), ('wait', 0), ('wait', 0), ('vertex7', 2), ('vertex8', 0), ('vertex9', 0), ('vertex10', 0), ('vertex11', 0)]",0:00:16.701738,"[3.734836007109285, 5.886977153004757, 5.755388779222474, 4.0, 3.068354607929142, 33.04647337096519, 4.0, 4.0, 25.027385006143852, 3.9887466703213965, 2.5066710992868604, 3.8263298341883702, 3.203248351283426]","[1.025873, 0.853216, 0.820339, 1.008433, 1.026862, 0.948009, 2.311968, 1.915776, 2.359117, 1.156369, 0.970683, 0.970494, 1.106282]",2
1351642504.783,steps_lrtdp,102.04441087945474,"[('vertex3', 0), ('vertex4', 0), ('vertex2', 0), ('wait', 0), ('vertex5', 0), ('vertex6', 3), ('wait', 0), ('wait', 0), ('vertex7', 2), ('vertex8', 0), ('vertex9', 0), ('vertex10', 0), ('vertex11', 0)]",0:00:17.046710,"[3.734836007109285, 5.886977153004757, 5.755388779222474, 4.0, 3.068354607929142, 33.04647337096519, 4.0, 4.0, 25.027385006143852, 3.9887466703213965, 2.5066710992868604, 3.8263298341883702, 3.203248351283426]","[1.01131, 0.882214, 0.858615, 1.050532, 0.956108, 0.988394, 2.236202, 1.96029, 2.395489, 1.19231, 0.929586, 1.099259, 1.248357]",5
1351642504.783,steps_lrtdp,102.04441087945474,"[('vertex3', 0), ('vertex4', 0), ('vertex2', 0), ('wait', 0), ('vertex5', 0), ('vertex6', 3), ('wait', 0), ('wait', 0), ('vertex7', 2), ('vertex8', 0), ('vertex9', 0), ('vertex10', 0), ('vertex11', 0)]",0:00:20.364206,"[3.734836007109285, 5.886977153004757, 5.755388779222474, 4.0, 3.068354607929142, 33.04647337096519, 4.0, 4.0, 25.027385006143852, 3.9887466703213965, 2.5066710992868604, 3.8263298341883702, 3.203248351283426]","[1.162063, 0.972573, 1.186491, 1.386301, 1.375206, 1.36257, 3.191655, 2.746833, 2.42419, 1.184305, 0.93748, 0.984226, 1.186602]",8
1351647575.408,steps_lrtdp,64.04441087945474,"[('vertex3', 0), ('vertex4', 0), ('vertex2', 0), ('vertex5', 0), ('vertex6', 0), ('wait', 0), ('wait', 0), ('wait', 0), ('wait', 0), ('wait', 0), ('wait', 0), ('vertex7', 0), ('vertex8', 0), ('vertex9', 0), ('vertex10', 0), ('vertex11', 0)]",0:00:30.491192,"[3.734836007109285, 5.886977153004757, 5.755388779222474, 3.068354607929142, 3.0464733709651894, 4.0, 4.0, 4.0, 4.0, 4.0, 4.0, 5.027385006143852, 3.9887466703213965, 2.5066710992868604, 3.8263298341883702, 3.203248351283426]","[2.26299, 1.864954, 1.974124, 1.585381, 1.864716, 2.282871, 1.394334, 2.148821, 2.252692, 1.874099, 2.058212, 1.624758, 1.734341, 1.744595, 2.130932, 1.399164]",2
1351647575.408,steps_lrtdp,64.04441087945474,"[('vertex3', 0), ('vertex4', 0), ('vertex2', 0), ('vertex5', 0), ('vertex6', 0), ('wait', 0), ('wait', 0), ('wait', 0), ('wait', 0), ('wait', 0), ('wait', 0), ('vertex7', 0), ('vertex8', 0), ('vertex9', 0), ('vertex10', 0), ('vertex11', 0)]",0:00:31.907496,"[3.734836007109285, 5.886977153004757, 5.755388779222474, 3.068354607929142, 3.0464733709651894, 4.0, 4.0, 4.0, 4.0, 4.0, 4.0, 5.027385006143852, 3.9887466703213965, 2.5066710992868604, 3.8263298341883702, 3.203248351283426]","[2.207551, 1.994116, 2.021423, 1.55823, 2.048713, 2.861299, 1.420349, 2.069294, 2.136003, 1.782138, 2.211671, 1.620276, 1.641, 1.697397, 2.528858, 1.792303]",5
1351647575.408,steps_lrtdp,64.04441087945474,"[('vertex3', 0), ('vertex4', 0), ('vertex2', 0), ('vertex5', 0), ('vertex6', 0), ('wait', 0), ('wait', 0), ('wait', 0), ('wait', 0), ('wait', 0), ('wait', 0), ('vertex7', 0), ('vertex8', 0), ('vertex9', 0), ('vertex10', 0), ('vertex11', 0)]",0:00:32.766336,"[3.734836007109285, 5.886977153004757, 5.755388779222474, 3.068354607929142, 3.0464733709651894, 4.0, 4.0, 4.0, 4.0, 4.0, 4.0, 5.027385006143852, 3.9887466703213965, 2.5066710992868604, 3.8263298341883702, 3.203248351283426]","[3.046715, 2.548217, 2.197774, 1.775658, 1.932134, 2.766865, 1.540246, 2.164533, 2.030379, 1.848178, 2.078941, 1.650845, 1.80085, 1.692372, 2.021219, 1.343909]",8
1351649017.308,steps_lrtdp,68.04441087945474,"[('vertex3', 0), ('vertex4', 0), ('vertex2', 0), ('vertex5', 0), ('vertex6', 2), ('vertex7', 0), ('wait', 0), ('vertex8', 0), ('vertex9', 0), ('vertex10', 0), ('wait', 0), ('vertex11', 0)]",0:00:16.137513,"[3.734836007109285, 5.886977153004757, 5.755388779222474, 3.068354607929142, 23.046473370965188, 5.027385006143852, 4.0, 3.9887466703213965, 2.5066710992868604, 3.8263298341883702, 4.0, 3.203248351283426]","[1.501933, 1.540237, 1.246476, 1.974083, 1.749774, 1.072012, 0.849378, 1.388909, 1.00596, 1.150497, 1.188899, 1.268105]",2
1351649017.308,steps_lrtdp,68.04441087945474,"[('vertex3', 0), ('vertex4', 0), ('vertex2', 0), ('vertex5', 0), ('vertex6', 2), ('vertex7', 0), ('wait', 0), ('vertex8', 0), ('vertex9', 0), ('vertex10', 0), ('wait', 0), ('vertex11', 0)]",0:00:16.342268,"[3.734836007109285, 5.886977153004757, 5.755388779222474, 3.068354607929142, 23.046473370965188, 5.027385006143852, 4.0, 3.9887466703213965, 2.5066710992868604, 3.8263298341883702, 4.0, 3.203248351283426]","[1.672093, 1.570923, 1.148703, 1.850922, 1.746277, 1.212546, 0.842191, 1.231114, 1.057391, 1.278996, 1.23013, 1.292242]",5
1351649017.308,steps_lrtdp,68.04441087945474,"[('vertex3', 0), ('vertex4', 0), ('vertex2', 0), ('vertex5', 0), ('vertex6', 2), ('vertex7', 0), ('wait', 0), ('vertex8', 0), ('vertex9', 0), ('vertex10', 0), ('wait', 0), ('vertex11', 0)]",0:00:16.991193,"[3.734836007109285, 5.886977153004757, 5.755388779222474, 3.068354607929142, 23.046473370965188, 5.027385006143852, 4.0, 3.9887466703213965, 2.5066710992868604, 3.8263298341883702, 4.0, 3.203248351283426]","[1.556599, 1.869558, 1.19604, 2.01648, 1.832907, 1.111904, 1.040695, 1.310826, 0.953093, 1.267581, 1.215578, 1.416693]",8
1351648301.82,steps_lrtdp,98.04441087945474,"[('vertex3', 0), ('vertex4', 0), ('vertex2', 1), ('wait', 0), ('wait', 0), ('vertex5', 0), ('vertex6', 0), ('vertex7', 2), ('vertex8', 0), ('vertex9', 0), ('vertex10', 1), ('vertex11', 1)]",0:00:25.055440,"[3.734836007109285, 5.886977153004757, 15.755388779222475, 4.0, 4.0, 3.068354607929142, 3.0464733709651894, 25.027385006143852, 3.9887466703213965, 2.5066710992868604, 13.826329834188371, 13.203248351283426]","[2.641132, 2.764879, 3.163252, 3.185258, 2.218967, 2.563001, 1.831018, 2.261661, 1.110771, 0.799565, 0.838703, 1.379123]",2
1351648301.82,steps_lrtdp,98.04441087945474,"[('vertex3', 0), ('vertex4', 0), ('vertex2', 1), ('wait', 0), ('wait', 0), ('vertex5', 0), ('vertex6', 0), ('vertex7', 2), ('vertex8', 0), ('vertex9', 0), ('vertex10', 1), ('vertex11', 1)]",0:00:22.066087,"[3.734836007109285, 5.886977153004757, 15.755388779222475, 4.0, 4.0, 3.068354607929142, 3.0464733709651894, 25.027385006143852, 3.9887466703213965, 2.5066710992868604, 13.826329834188371, 13.203248351283426]","[2.511443, 2.290673, 1.800889, 2.538146, 1.924085, 2.36907, 1.776551, 2.242693, 1.097723, 0.904043, 1.006453, 1.323793]",5
1351648301.82,steps_lrtdp,98.04441087945474,"[('vertex3', 0), ('vertex4', 0), ('vertex2', 1), ('wait', 0), ('wait', 0), ('vertex5', 0), ('vertex6', 0), ('vertex7', 2), ('vertex8', 0), ('vertex9', 0), ('vertex10', 1), ('vertex11', 1)]",0:00:22.723937,"[3.734836007109285, 5.886977153004757, 15.755388779222475, 4.0, 4.0, 3.068354607929142, 3.0464733709651894, 25.027385006143852, 3.9887466703213965, 2.5066710992868604, 13.826329834188371, 13.203248351283426]","[2.415807, 2.288711, 2.016543, 2.518168, 2.08256, 2.587841, 1.82159, 2.370652, 1.075582, 0.929771, 1.037787, 1.299423]",8
1351649616.224,steps_lrtdp,40.04441087945475,"[('vertex3', 0), ('vertex4', 0), ('vertex2', 0), ('vertex5', 0), ('vertex6', 0), ('vertex7', 0), ('vertex8', 0), ('vertex9', 0), ('vertex10', 0), ('vertex11', 0)]",0:00:17.775526,"[3.734836007109285, 5.886977153004757, 5.755388779222474, 3.068354607929142, 3.0464733709651894, 5.027385006143852, 3.9887466703213965, 2.5066710992868604, 3.8263298341883702, 3.203248351283426]","[2.219878, 2.695656, 2.143023, 1.459347, 1.751596, 1.644063, 1.587211, 1.475907, 1.699235, 0.806641]",2
1351649616.224,steps_lrtdp,40.04441087945475,"[('vertex3', 0), ('vertex4', 0), ('vertex2', 0), ('vertex5', 0), ('vertex6', 0), ('vertex7', 0), ('vertex8', 0), ('vertex9', 0), ('vertex10', 0), ('vertex11', 0)]",0:00:19.073076,"[3.734836007109285, 5.886977153004757, 5.755388779222474, 3.068354607929142, 3.0464733709651894, 5.027385006143852, 3.9887466703213965, 2.5066710992868604, 3.8263298341883702, 3.203248351283426]","[2.365669, 3.311034, 2.670256, 1.671696, 1.858733, 1.595073, 1.616438, 1.36242, 1.507755, 0.800825]",5
1351649616.224,steps_lrtdp,40.04441087945475,"[('vertex3', 0), ('vertex4', 0), ('vertex2', 0), ('vertex5', 0), ('vertex6', 0), ('vertex7', 0), ('vertex8', 0), ('vertex9', 0), ('vertex10', 0), ('vertex11', 0)]",0:00:17.296382,"[3.734836007109285, 5.886977153004757, 5.755388779222474, 3.068354607929142, 3.0464733709651894, 5.027385006143852, 3.9887466703213965, 2.5066710992868604, 3.8263298341883702, 3.203248351283426]","[2.101454, 2.560651, 1.995024, 1.519567, 1.645674, 1.644244, 1.570124, 1.471094, 1.672371, 0.816746]",8
1351642239.57,steps_lrtdp,100.04441087945474,"[('vertex3', 0), ('vertex4', 0), ('vertex2', 0), ('vertex5', 3), ('vertex6', 0), ('vertex7', 1), ('vertex8', 0), ('vertex9', 0), ('vertex10', 0), ('vertex11', 2)]",0:00:06.983781,"[3.734836007109285, 5.886977153004757, 5.755388779222474, 33.068354607929145, 3.0464733709651894, 15.027385006143852, 3.9887466703213965, 2.5066710992868604, 3.8263298341883702, 23.203248351283428]","[1.094207, 0.858483, 0.944282, 0.823862, 0.761149, 0.711483, 0.374182, 0.317698, 0.455144, 0.488443]",2
1351642239.57,steps_lrtdp,100.04441087945474,"[('vertex3', 0), ('vertex4', 0), ('vertex2', 0), ('vertex5', 3), ('vertex6', 0), ('vertex7', 1), ('vertex8', 0), ('vertex9', 0), ('vertex10', 0), ('vertex11', 2)]",0:00:07.165333,"[3.734836007109285, 5.886977153004757, 5.755388779222474, 33.068354607929145, 3.0464733709651894, 15.027385006143852, 3.9887466703213965, 2.5066710992868604, 3.8263298341883702, 23.203248351283428]","[1.098721, 0.905166, 0.9106, 0.925505, 0.86006, 0.710137, 0.36104, 0.287087, 0.414513, 0.531926]",5
1351642239.57,steps_lrtdp,100.04441087945474,"[('vertex3', 0), ('vertex4', 0), ('vertex2', 0), ('vertex5', 3), ('vertex6', 0), ('vertex7', 1), ('vertex8', 0), ('vertex9', 0), ('vertex10', 0), ('vertex11', 2)]",0:00:07.218911,"[3.734836007109285, 5.886977153004757, 5.755388779222474, 33.068354607929145, 3.0464733709651894, 15.027385006143852, 3.9887466703213965, 2.5066710992868604, 3.8263298341883702, 23.203248351283428]","[1.131506, 0.907133, 0.998817, 0.840789, 0.788397, 0.69022, 0.368669, 0.273816, 0.484684, 0.573146]",8
