0.0,steps_lrtdp,91.3560387421027,"[('vertex3', 0), ('vertex2', 0), ('vertex4', 0), ('vertex5', 0), ('vertex7', 0), ('vertex6', 0), ('vertex8', 0), ('vertex9', 0), ('vertex11', 0), ('vertex10', 0)]",0:00:01.103882,"[6.603340063937338, 3.9499999999999957, 10.502023614523065, 7.871581797834533, 15.630818916486751, 8.899449421172077, 16.279081669430866, 4.993155315028766, 12.21409431763158, 4.41249362605772]","[0.309675, 0.266469, 0.153275, 0.125825, 0.076558, 0.061439, 0.036351, 0.02805, 0.015204, 0.008534]",2
0.0,steps_lrtdp,91.3560387421027,"[('vertex3', 0), ('vertex2', 0), ('vertex4', 0), ('vertex5', 0), ('vertex7', 0), ('vertex6', 0), ('vertex8', 0), ('vertex9', 0), ('vertex11', 0), ('vertex10', 0)]",0:00:01.068690,"[6.603340063937338, 3.9499999999999957, 10.502023614523065, 7.871581797834533, 15.630818916486751, 8.899449421172077, 16.279081669430866, 4.993155315028766, 12.21409431763158, 4.41249362605772]","[0.30167, 0.265781, 0.149978, 0.123544, 0.074986, 0.058821, 0.032756, 0.024067, 0.015316, 0.006051]",5
0.0,steps_lrtdp,91.3560387421027,"[('vertex3', 0), ('vertex2', 0), ('vertex4', 0), ('vertex5', 0), ('vertex7', 0), ('vertex6', 0), ('vertex8', 0), ('vertex9', 0), ('vertex11', 0), ('vertex10', 0)]",0:00:01.074976,"[6.603340063937338, 3.9499999999999957, 10.502023614523065, 7.871581797834533, 15.630818916486751, 8.899449421172077, 16.279081669430866, 4.993155315028766, 12.21409431763158, 4.41249362605772]","[0.302452, 0.263504, 0.151223, 0.126717, 0.079439, 0.062893, 0.033357, 0.024056, 0.013266, 0.005581]",8
1730433603.0,steps_lrtdp,91.3560387421027,"[('vertex3', 0), ('vertex2', 0), ('vertex4', 0), ('vertex5', 0), ('vertex7', 0), ('vertex6', 0), ('vertex8', 0), ('vertex9', 0), ('vertex11', 0), ('vertex10', 0)]",0:00:01.072575,"[6.603340063937338, 3.9499999999999957, 10.502023614523065, 7.871581797834533, 15.630818916486751, 8.899449421172077, 16.279081669430866, 4.993155315028766, 12.21409431763158, 4.41249362605772]","[0.303165, 0.260983, 0.151668, 0.126836, 0.075187, 0.05859, 0.032356, 0.026531, 0.015798, 0.006393]",2
1730433603.0,steps_lrtdp,91.3560387421027,"[('vertex3', 0), ('vertex2', 0), ('vertex4', 0), ('vertex5', 0), ('vertex7', 0), ('vertex6', 0), ('vertex8', 0), ('vertex9', 0), ('vertex11', 0), ('vertex10', 0)]",0:00:01.069943,"[6.603340063937338, 3.9499999999999957, 10.502023614523065, 7.871581797834533, 15.630818916486751, 8.899449421172077, 16.279081669430866, 4.993155315028766, 12.21409431763158, 4.41249362605772]","[0.303247, 0.26294, 0.150744, 0.124788, 0.075508, 0.059144, 0.032893, 0.026048, 0.015469, 0.005547]",5
1730433603.0,steps_lrtdp,91.3560387421027,"[('vertex3', 0), ('vertex2', 0), ('vertex4', 0), ('vertex5', 0), ('vertex7', 0), ('vertex6', 0), ('vertex8', 0), ('vertex9', 0), ('vertex11', 0), ('vertex10', 0)]",0:00:01.086927,"[6.603340063937338, 3.9499999999999957, 10.502023614523065, 7.871581797834533, 15.630818916486751, 8.899449421172077, 16.279081669430866, 4.993155315028766, 12.21409431763158, 4.41249362605772]","[0.307263, 0.26647, 0.152481, 0.127075, 0.076735, 0.062011, 0.033594, 0.026845, 0.015181, 0.005677]",8
1730448206.0,steps_lrtdp,91.3560387421027,"[('vertex3', 0), ('vertex2', 0), ('vertex4', 0), ('vertex5', 0), ('vertex7', 0), ('vertex6', 0), ('vertex8', 0), ('vertex9', 0), ('vertex11', 0), ('vertex10', 0)]",0:00:01.079237,"[6.603340063937338, 3.9499999999999957, 10.502023614523065, 7.871581797834533, 15.630818916486751, 8.899449421172077, 16.279081669430866, 4.993155315028766, 12.21409431763158, 4.41249362605772]","[0.310424, 0.263072, 0.151989, 0.124268, 0.076587, 0.059849, 0.032717, 0.023441, 0.015101, 0.006772]",2
1730448206.0,steps_lrtdp,91.3560387421027,"[('vertex3', 0), ('vertex2', 0), ('vertex4', 0), ('vertex5', 0), ('vertex7', 0), ('vertex6', 0), ('vertex8', 0), ('vertex9', 0), ('vertex11', 0), ('vertex10', 0)]",0:00:01.084346,"[6.603340063937338, 3.9499999999999957, 10.502023614523065, 7.871581797834533, 15.630818916486751, 8.899449421172077, 16.279081669430866, 4.993155315028766, 12.21409431763158, 4.41249362605772]","[0.307187, 0.267571, 0.153453, 0.125712, 0.076971, 0.060905, 0.032845, 0.023935, 0.014959, 0.006633]",5
1730448206.0,steps_lrtdp,91.3560387421027,"[('vertex3', 0), ('vertex2', 0), ('vertex4', 0), ('vertex5', 0), ('vertex7', 0), ('vertex6', 0), ('vertex8', 0), ('vertex9', 0), ('vertex11', 0), ('vertex10', 0)]",0:00:01.098425,"[6.603340063937338, 3.9499999999999957, 10.502023614523065, 7.871581797834533, 15.630818916486751, 8.899449421172077, 16.279081669430866, 4.993155315028766, 12.21409431763158, 4.41249362605772]","[0.313471, 0.268969, 0.155391, 0.126844, 0.078261, 0.061365, 0.03327, 0.024291, 0.015331, 0.00665]",8
1730457476.0,steps_lrtdp,101.3560387421027,"[('vertex3', 0), ('vertex2', 0), ('vertex4', 1), ('vertex5', 0), ('vertex7', 0), ('vertex6', 0), ('vertex8', 0), ('vertex9', 0), ('vertex11', 0), ('vertex10', 0)]",0:00:05.016650,"[6.603340063937338, 3.9499999999999957, 20.502023614523065, 7.871581797834533, 15.630818916486751, 8.899449421172077, 16.279081669430866, 4.993155315028766, 12.21409431763158, 4.41249362605772]","[0.918632, 0.2726, 0.158005, 0.130735, 1.587313, 0.072131, 0.369093, 0.044141, 0.030191, 1.393787]",2
1730457476.0,steps_lrtdp,101.3560387421027,"[('vertex3', 0), ('vertex2', 0), ('vertex4', 1), ('vertex5', 0), ('vertex7', 0), ('vertex6', 0), ('vertex8', 0), ('vertex9', 0), ('vertex11', 0), ('vertex10', 0)]",0:00:11.558981,"[6.603340063937338, 3.9499999999999957, 20.502023614523065, 7.871581797834533, 15.630818916486751, 8.899449421172077, 16.279081669430866, 4.993155315028766, 12.21409431763158, 4.41249362605772]","[2.640699, 0.829457, 0.451345, 0.36946, 4.47951, 0.15935, 0.589323, 0.067731, 0.043916, 1.857708]",5
1730457476.0,steps_lrtdp,101.3560387421027,"[('vertex3', 0), ('vertex2', 0), ('vertex4', 1), ('vertex5', 0), ('vertex7', 0), ('vertex6', 0), ('vertex8', 0), ('vertex9', 0), ('vertex11', 0), ('vertex10', 0)]",0:00:10.528385,"[6.603340063937338, 3.9499999999999957, 20.502023614523065, 7.871581797834533, 15.630818916486751, 8.899449421172077, 16.279081669430866, 4.993155315028766, 12.21409431763158, 4.41249362605772]","[2.332583, 0.679057, 0.396611, 0.331816, 4.020933, 0.165032, 0.599223, 0.070606, 0.04472, 1.823083]",8
1730458788.0,steps_lrtdp,101.3560387421027,"[('vertex3', 1), ('vertex2', 0), ('vertex4', 0), ('vertex5', 0), ('vertex7', 0), ('vertex6', 0), ('vertex8', 0), ('vertex9', 0), ('vertex11', 0), ('vertex10', 0)]",0:00:10.570048,"[16.60334006393734, 3.9499999999999957, 10.502023614523065, 7.871581797834533, 15.630818916486751, 8.899449421172077, 16.279081669430866, 4.993155315028766, 12.21409431763158, 4.41249362605772]","[2.560337, 1.447024, 2.383805, 0.165289, 0.109222, 1.901071, 0.07263, 0.046801, 1.795756, 0.020354]",2
1730458788.0,steps_lrtdp,101.3560387421027,"[('vertex3', 1), ('vertex2', 0), ('vertex4', 0), ('vertex5', 0), ('vertex7', 0), ('vertex6', 0), ('vertex8', 0), ('vertex9', 0), ('vertex11', 0), ('vertex10', 0)]",0:00:07.120145,"[16.60334006393734, 3.9499999999999957, 10.502023614523065, 7.871581797834533, 15.630818916486751, 8.899449421172077, 16.279081669430866, 4.993155315028766, 12.21409431763158, 4.41249362605772]","[1.16735, 0.800102, 1.679903, 0.139485, 0.08672, 1.519342, 0.040719, 0.031784, 1.589156, 0.01878]",5
1730458788.0,steps_lrtdp,101.3560387421027,"[('vertex3', 1), ('vertex2', 0), ('vertex4', 0), ('vertex5', 0), ('vertex7', 0), ('vertex6', 0), ('vertex8', 0), ('vertex9', 0), ('vertex11', 0), ('vertex10', 0)]",0:00:06.798115,"[16.60334006393734, 3.9499999999999957, 10.502023614523065, 7.871581797834533, 15.630818916486751, 8.899449421172077, 16.279081669430866, 4.993155315028766, 12.21409431763158, 4.41249362605772]","[1.026463, 0.70343, 1.600223, 0.143771, 0.091349, 1.518956, 0.042411, 0.031997, 1.576031, 0.017021]",8
1730460012.0,steps_lrtdp,121.35603874210268,"[('vertex3', 0), ('vertex2', 0), ('vertex4', 0), ('vertex5', 0), ('vertex7', 0), ('vertex6', 0), ('vertex8', 0), ('vertex9', 3), ('vertex11', 0), ('vertex10', 0)]",0:00:10.666187,"[6.603340063937338, 3.9499999999999957, 10.502023614523065, 7.871581797834533, 15.630818916486751, 8.899449421172077, 16.279081669430866, 34.993155315028766, 12.21409431763158, 4.41249362605772]","[0.294726, 1.205702, 0.914685, 2.15372, 1.514411, 0.067303, 0.037575, 1.872364, 1.406121, 1.157313]",2
1730460012.0,steps_lrtdp,111.3560387421027,"[('vertex3', 0), ('vertex2', 0), ('vertex4', 0), ('vertex5', 0), ('vertex7', 0), ('vertex6', 0), ('vertex8', 0), ('wait', 0), ('vertex9', 0), ('vertex11', 0), ('vertex10', 0)]",0:00:08.428795,"[6.603340063937338, 3.9499999999999957, 10.502023614523065, 7.871581797834533, 15.630818916486751, 8.899449421172077, 16.279081669430866, 20.0, 4.993155315028766, 12.21409431763158, 4.41249362605772]","[0.306415, 1.370232, 0.881965, 2.277403, 1.528725, 0.06547, 0.037402, 1.864831, 0.027692, 0.020463, 0.008769]",5
1730460012.0,steps_lrtdp,111.3560387421027,"[('vertex3', 0), ('vertex2', 0), ('vertex4', 0), ('vertex5', 0), ('vertex7', 0), ('vertex6', 0), ('vertex8', 0), ('wait', 0), ('vertex9', 0), ('vertex11', 0), ('vertex10', 0)]",0:00:16.134516,"[6.603340063937338, 3.9499999999999957, 10.502023614523065, 7.871581797834533, 15.630818916486751, 8.899449421172077, 16.279081669430866, 20.0, 4.993155315028766, 12.21409431763158, 4.41249362605772]","[0.31344, 1.281724, 0.958251, 2.413845, 4.121945, 0.219898, 0.116872, 6.461142, 0.08287, 0.060683, 0.025035]",8
1730460883.0,steps_lrtdp,131.35603874210267,"[('vertex3', 0), ('vertex2', 0), ('vertex4', 0), ('vertex5', 0), ('vertex7', 1), ('vertex6', 0), ('vertex8', 0), ('vertex9', 2), ('vertex11', 1), ('vertex10', 0)]",0:00:15.889834,"[6.603340063937338, 3.9499999999999957, 10.502023614523065, 7.871581797834533, 25.630818916486753, 8.899449421172077, 16.279081669430866, 24.993155315028766, 22.21409431763158, 4.41249362605772]","[5.054405, 4.584809, 2.029172, 0.332407, 3.509663, 0.115252, 0.071837, 0.055528, 0.038526, 0.022403]",2
1730460883.0,steps_lrtdp,131.35603874210267,"[('vertex3', 0), ('vertex2', 0), ('vertex4', 0), ('vertex5', 0), ('vertex7', 1), ('vertex6', 0), ('vertex8', 0), ('vertex9', 2), ('vertex11', 1), ('vertex10', 0)]",0:00:07.115912,"[6.603340063937338, 3.9499999999999957, 10.502023614523065, 7.871581797834533, 25.630818916486753, 8.899449421172077, 16.279081669430866, 24.993155315028766, 22.21409431763158, 4.41249362605772]","[2.538148, 1.902341, 0.833977, 0.134954, 1.483015, 0.067485, 0.042098, 0.03612, 0.023073, 0.013322]",5
1730460883.0,steps_lrtdp,151.3560387421027,"[('vertex3', 0), ('vertex2', 0), ('vertex4', 0), ('vertex5', 0), ('vertex7', 1), ('vertex6', 0), ('vertex8', 0), ('wait', 0), ('wait', 0), ('vertex9', 0), ('vertex11', 0), ('vertex10', 1)]",0:00:08.768474,"[6.603340063937338, 3.9499999999999957, 10.502023614523065, 7.871581797834533, 25.630818916486753, 8.899449421172077, 16.279081669430866, 20.0, 20.0, 4.993155315028766, 12.21409431763158, 14.41249362605772]","[1.80443, 1.653232, 0.820245, 0.128519, 1.31009, 0.06745, 0.040873, 0.042318, 1.396541, 0.036697, 1.411023, 0.014867]",8
1730461693.0,steps_lrtdp,102.93901083971166,"[('vertex3', 0), ('vertex2', 0), ('vertex4', 0), ('vertex5', 0), ('vertex7', 0), ('vertex6', 0), ('vertex8', 0), ('vertex10', 0), ('vertex11', 0), ('vertex9', 0)]",0:00:08.196777,"[6.603340063937338, 3.9499999999999957, 10.502023614523065, 7.871581797834533, 15.630818916486751, 8.899449421172077, 16.279081669430866, 16.57612741263773, 4.41249362605772, 12.21409431763158]","[0.85484, 0.556812, 0.166816, 0.484706, 3.000546, 0.064562, 0.036002, 1.458841, 0.022839, 1.504007]",2
1730461693.0,steps_lrtdp,102.93901083971166,"[('vertex3', 0), ('vertex2', 0), ('vertex4', 0), ('vertex5', 0), ('vertex7', 0), ('vertex6', 0), ('vertex8', 0), ('vertex10', 0), ('vertex11', 0), ('vertex9', 0)]",0:00:08.475810,"[6.603340063937338, 3.9499999999999957, 10.502023614523065, 7.871581797834533, 15.630818916486751, 8.899449421172077, 16.279081669430866, 16.57612741263773, 4.41249362605772, 12.21409431763158]","[0.935084, 0.604438, 0.171741, 0.456211, 3.161863, 0.071591, 0.049098, 1.464674, 0.025613, 1.486906]",5
1730461693.0,steps_lrtdp,102.93901083971166,"[('vertex3', 0), ('vertex2', 0), ('vertex4', 0), ('vertex5', 0), ('vertex7', 0), ('vertex6', 0), ('vertex8', 0), ('vertex10', 0), ('vertex11', 0), ('vertex9', 0)]",0:00:08.334094,"[6.603340063937338, 3.9499999999999957, 10.502023614523065, 7.871581797834533, 15.630818916486751, 8.899449421172077, 16.279081669430866, 16.57612741263773, 4.41249362605772, 12.21409431763158]","[0.972602, 0.572738, 0.171724, 0.463667, 3.159938, 0.070201, 0.03969, 1.351092, 0.025425, 1.459576]",8
1730462592.0,steps_lrtdp,122.05167718700342,"[('vertex3', 0), ('vertex2', 0), ('vertex4', 0), ('vertex5', 2), ('vertex7', 1), ('vertex6', 0), ('vertex8', 0), ('vertex9', 0), ('vertex10', 0), ('vertex11', 0)]",0:00:05.505437,"[6.603340063937338, 3.9499999999999957, 10.502023614523065, 27.871581797834533, 25.630818916486753, 8.899449421172077, 16.279081669430866, 4.993155315028766, 12.909732762532306, 4.41249362605772]","[0.319004, 0.288422, 0.16229, 0.133902, 0.089175, 2.197134, 1.203035, 0.765756, 0.034677, 0.246661]",2
1730462592.0,steps_lrtdp,122.05167718700342,"[('vertex3', 0), ('vertex2', 0), ('vertex4', 0), ('vertex5', 2), ('vertex7', 1), ('vertex6', 0), ('vertex8', 0), ('vertex9', 0), ('vertex10', 0), ('vertex11', 0)]",0:00:10.838438,"[6.603340063937338, 3.9499999999999957, 10.502023614523065, 27.871581797834533, 25.630818916486753, 8.899449421172077, 16.279081669430866, 4.993155315028766, 12.909732762532306, 4.41249362605772]","[0.311876, 0.279549, 0.16537, 0.136629, 0.097749, 3.135355, 2.909342, 2.481041, 0.128788, 1.049598]",5
1730462592.0,steps_lrtdp,171.1210384788257,"[('vertex3', 0), ('vertex2', 0), ('vertex4', 0), ('vertex7', 0), ('vertex9', 0), ('vertex10', 1), ('vertex11', 0), ('wait', 0), ('vertex8', 0), ('wait', 0), ('vertex6', 0), ('vertex5', 0)]",0:00:23.338130,"[6.603340063937338, 3.9499999999999957, 10.502023614523065, 15.763873255009377, 15.55276502747984, 22.909732762532308, 4.41249362605772, 20.0, 16.730777029175904, 20.0, 16.279081669430866, 18.41695143067929]","[1.368125, 1.139716, 0.581746, 0.491237, 0.313053, 1.103437, 3.350288, 3.369109, 2.0445, 4.805158, 2.651415, 1.942161]",8
1730463616.0,steps_lrtdp,91.3560387421027,"[('vertex3', 0), ('vertex2', 0), ('vertex4', 0), ('vertex5', 0), ('vertex7', 0), ('vertex6', 0), ('vertex8', 0), ('vertex9', 0), ('vertex11', 0), ('vertex10', 0)]",0:00:07.737391,"[6.603340063937338, 3.9499999999999957, 10.502023614523065, 7.871581797834533, 15.630818916486751, 8.899449421172077, 16.279081669430866, 4.993155315028766, 12.21409431763158, 4.41249362605772]","[0.394871, 2.753358, 0.824936, 0.603331, 0.359751, 0.292116, 0.038556, 0.304617, 2.120172, 0.010857]",2
1730463616.0,steps_lrtdp,91.3560387421027,"[('vertex3', 0), ('vertex2', 0), ('vertex4', 0), ('vertex5', 0), ('vertex7', 0), ('vertex6', 0), ('vertex8', 0), ('vertex9', 0), ('vertex11', 0), ('vertex10', 0)]",0:00:07.190480,"[6.603340063937338, 3.9499999999999957, 10.502023614523065, 7.871581797834533, 15.630818916486751, 8.899449421172077, 16.279081669430866, 4.993155315028766, 12.21409431763158, 4.41249362605772]","[0.318946, 2.343402, 0.835748, 0.597401, 0.330061, 0.298387, 0.037012, 0.286346, 2.099653, 0.01094]",5
1730463616.0,steps_lrtdp,91.3560387421027,"[('vertex3', 0), ('vertex2', 0), ('vertex4', 0), ('vertex5', 0), ('vertex7', 0), ('vertex6', 0), ('vertex8', 0), ('vertex9', 0), ('vertex11', 0), ('vertex10', 0)]",0:00:07.240831,"[6.603340063937338, 3.9499999999999957, 10.502023614523065, 7.871581797834533, 15.630818916486751, 8.899449421172077, 16.279081669430866, 4.993155315028766, 12.21409431763158, 4.41249362605772]","[0.326401, 2.321264, 0.833978, 0.649216, 0.355284, 0.252819, 0.038625, 0.299013, 2.119478, 0.011263]",8
1730464447.0,steps_lrtdp,111.99383736328723,"[('vertex3', 0), ('vertex2', 0), ('vertex4', 0), ('vertex5', 0), ('vertex7', 0), ('vertex6', 0), ('vertex9', 0), ('vertex8', 0), ('vertex11', 2), ('vertex10', 0)]",0:00:10.130234,"[6.603340063937338, 3.9499999999999957, 10.502023614523065, 7.871581797834533, 15.630818916486751, 8.899449421172077, 12.40019757907107, 4.993155315028766, 36.730777029175904, 4.41249362605772]","[0.319876, 0.314804, 2.14811, 1.631897, 1.63263, 0.072252, 0.498962, 0.317012, 3.126016, 0.016701]",2
1730464447.0,steps_lrtdp,111.99383736328723,"[('vertex3', 0), ('vertex2', 0), ('vertex4', 0), ('vertex5', 0), ('vertex7', 0), ('vertex6', 0), ('vertex9', 0), ('vertex8', 0), ('vertex11', 2), ('vertex10', 0)]",0:00:10.671410,"[6.603340063937338, 3.9499999999999957, 10.502023614523065, 7.871581797834533, 15.630818916486751, 8.899449421172077, 12.40019757907107, 4.993155315028766, 36.730777029175904, 4.41249362605772]","[0.34279, 0.327516, 2.263668, 1.648333, 1.62033, 0.074201, 0.619461, 0.28675, 3.414631, 0.018421]",5
1730464447.0,steps_lrtdp,111.99383736328723,"[('vertex3', 0), ('vertex2', 0), ('vertex4', 0), ('vertex5', 0), ('vertex7', 0), ('vertex6', 0), ('vertex9', 0), ('vertex8', 0), ('wait', 0), ('vertex11', 0), ('vertex10', 0)]",0:00:36.374718,"[6.603340063937338, 3.9499999999999957, 10.502023614523065, 7.871581797834533, 15.630818916486751, 8.899449421172077, 12.40019757907107, 4.993155315028766, 20.0, 16.730777029175904, 4.41249362605772]","[0.382809, 0.320804, 2.25447, 1.730989, 2.064245, 0.251861, 2.159104, 1.000761, 9.019092, 17.040054, 0.035615]",8
1730465279.0,steps_lrtdp,111.3560387421027,"[('vertex3', 0), ('vertex2', 0), ('vertex4', 0), ('vertex5', 0), ('vertex7', 0), ('vertex6', 0), ('vertex8', 1), ('vertex9', 0), ('vertex11', 1), ('vertex10', 0)]",0:00:10.529451,"[6.603340063937338, 3.9499999999999957, 10.502023614523065, 7.871581797834533, 15.630818916486751, 8.899449421172077, 26.279081669430866, 4.993155315028766, 22.21409431763158, 4.41249362605772]","[0.851615, 2.295451, 2.25741, 0.154929, 0.816183, 0.077057, 0.047395, 0.603862, 1.769647, 1.607479]",2
1730465279.0,steps_lrtdp,111.3560387421027,"[('vertex3', 0), ('vertex2', 0), ('vertex4', 0), ('vertex5', 0), ('vertex7', 0), ('vertex6', 0), ('vertex8', 1), ('vertex9', 0), ('vertex11', 1), ('vertex10', 0)]",0:00:07.844580,"[6.603340063937338, 3.9499999999999957, 10.502023614523065, 7.871581797834533, 15.630818916486751, 8.899449421172077, 26.279081669430866, 4.993155315028766, 22.21409431763158, 4.41249362605772]","[0.370115, 1.242984, 1.613085, 0.124108, 0.800152, 0.089262, 0.04282, 0.486821, 1.473553, 1.560978]",5
1730465279.0,steps_lrtdp,111.3560387421027,"[('vertex3', 0), ('vertex2', 0), ('vertex4', 0), ('vertex5', 0), ('vertex7', 0), ('vertex6', 0), ('vertex8', 1), ('vertex9', 0), ('vertex11', 1), ('vertex10', 0)]",0:00:08.195548,"[6.603340063937338, 3.9499999999999957, 10.502023614523065, 7.871581797834533, 15.630818916486751, 8.899449421172077, 26.279081669430866, 4.993155315028766, 22.21409431763158, 4.41249362605772]","[0.353833, 1.246196, 1.598426, 0.131012, 0.735459, 0.070964, 0.043244, 0.683023, 1.66338, 1.629212]",8
1730466116.0,steps_lrtdp,131.3560387421027,"[('vertex3', 0), ('vertex2', 0), ('vertex4', 3), ('vertex5', 0), ('vertex7', 0), ('vertex6', 0), ('vertex8', 1), ('vertex9', 0), ('vertex11', 0), ('vertex10', 0)]",0:00:17.291562,"[6.603340063937338, 3.9499999999999957, 40.50202361452307, 7.871581797834533, 15.630818916486751, 8.899449421172077, 26.279081669430866, 4.993155315028766, 12.21409431763158, 4.41249362605772]","[2.358149, 1.969887, 0.200886, 0.911167, 1.172933, 1.905543, 3.412562, 1.771309, 3.478628, 0.03658]",2
1730466116.0,steps_lrtdp,131.3560387421027,"[('vertex3', 0), ('vertex2', 0), ('wait', 0), ('vertex4', 0), ('vertex5', 2), ('vertex7', 0), ('vertex6', 0), ('vertex8', 0), ('vertex9', 0), ('vertex11', 0), ('vertex10', 0)]",0:00:37.918098,"[6.603340063937338, 3.9499999999999957, 20.0, 10.502023614523065, 27.871581797834533, 15.630818916486751, 8.899449421172077, 16.279081669430866, 4.993155315028766, 12.21409431763158, 4.41249362605772]","[9.008697, 5.416581, 0.565254, 2.924192, 0.416591, 7.323503, 5.569472, 0.968025, 2.372047, 3.24423, 0.015935]",5
1730466116.0,steps_lrtdp,128.76583220878476,"[('vertex3', 0), ('vertex2', 0), ('wait', 0), ('vertex4', 0), ('vertex7', 0), ('vertex5', 0), ('vertex6', 0), ('vertex8', 0), ('vertex9', 0), ('vertex11', 0), ('vertex10', 0)]",0:00:13.550358,"[6.603340063937338, 3.9499999999999957, 20.0, 10.502023614523065, 15.763873255009377, 15.630818916486751, 18.41695143067929, 16.279081669430866, 4.993155315028766, 12.21409431763158, 4.41249362605772]","[2.182173, 1.685661, 0.300751, 1.0992, 0.264177, 4.064466, 0.427185, 0.046282, 1.027905, 2.377795, 0.015948]",8
1730466923.0,steps_lrtdp,101.3560387421027,"[('vertex3', 0), ('vertex2', 0), ('vertex4', 0), ('vertex5', 0), ('vertex7', 0), ('vertex6', 0), ('vertex8', 0), ('vertex9', 0), ('vertex11', 1), ('vertex10', 0)]",0:00:07.455521,"[6.603340063937338, 3.9499999999999957, 10.502023614523065, 7.871581797834533, 15.630818916486751, 8.899449421172077, 16.279081669430866, 4.993155315028766, 22.21409431763158, 4.41249362605772]","[0.839191, 1.624214, 0.161575, 0.134444, 0.427036, 0.929295, 1.052239, 0.032207, 1.991271, 0.222154]",2
1730466923.0,steps_lrtdp,101.3560387421027,"[('vertex3', 0), ('vertex2', 0), ('vertex4', 0), ('vertex5', 0), ('vertex7', 0), ('vertex6', 0), ('vertex8', 0), ('vertex9', 0), ('vertex11', 1), ('vertex10', 0)]",0:00:07.685695,"[6.603340063937338, 3.9499999999999957, 10.502023614523065, 7.871581797834533, 15.630818916486751, 8.899449421172077, 16.279081669430866, 4.993155315028766, 22.21409431763158, 4.41249362605772]","[0.745376, 1.712852, 0.164328, 0.1365, 0.541073, 1.01071, 1.246961, 0.033303, 1.928919, 0.119753]",5
1730466923.0,steps_lrtdp,101.3560387421027,"[('vertex3', 0), ('vertex2', 0), ('vertex4', 0), ('vertex5', 0), ('vertex7', 0), ('vertex6', 0), ('vertex8', 0), ('vertex9', 0), ('vertex11', 1), ('vertex10', 0)]",0:00:16.816902,"[6.603340063937338, 3.9499999999999957, 10.502023614523065, 7.871581797834533, 15.630818916486751, 8.899449421172077, 16.279081669430866, 4.993155315028766, 22.21409431763158, 4.41249362605772]","[0.849309, 1.996041, 0.207381, 0.193678, 0.717691, 2.508157, 4.041894, 0.08984, 5.47914, 0.6481]",8
1730468077.0,steps_lrtdp,121.3560387421027,"[('vertex3', 0), ('vertex2', 0), ('vertex4', 0), ('vertex5', 0), ('vertex7', 0), ('vertex6', 0), ('vertex8', 0), ('vertex9', 0), ('vertex11', 2), ('vertex10', 1)]",0:00:14.705721,"[6.603340063937338, 3.9499999999999957, 10.502023614523065, 7.871581797834533, 15.630818916486751, 8.899449421172077, 16.279081669430866, 4.993155315028766, 32.21409431763158, 14.41249362605772]","[0.913437, 0.920953, 0.514733, 2.962718, 4.244136, 0.144313, 2.961686, 0.038561, 1.907084, 0.00826]",2
1730468077.0,steps_lrtdp,121.3560387421027,"[('vertex3', 0), ('vertex2', 0), ('vertex4', 0), ('vertex5', 0), ('vertex7', 0), ('vertex6', 0), ('vertex8', 0), ('vertex9', 0), ('vertex11', 2), ('vertex10', 1)]",0:00:07.106826,"[6.603340063937338, 3.9499999999999957, 10.502023614523065, 7.871581797834533, 15.630818916486751, 8.899449421172077, 16.279081669430866, 4.993155315028766, 32.21409431763158, 14.41249362605772]","[0.351616, 0.338663, 0.233065, 1.004079, 1.647585, 0.071718, 1.920146, 0.030321, 1.45136, 0.01231]",5
1730468077.0,steps_lrtdp,121.3560387421027,"[('vertex3', 0), ('vertex2', 0), ('vertex4', 0), ('vertex5', 0), ('vertex7', 0), ('vertex6', 0), ('vertex8', 0), ('vertex9', 0), ('wait', 0), ('vertex11', 0), ('vertex10', 1)]",0:00:08.123388,"[6.603340063937338, 3.9499999999999957, 10.502023614523065, 7.871581797834533, 15.630818916486751, 8.899449421172077, 16.279081669430866, 4.993155315028766, 20.0, 12.21409431763158, 14.41249362605772]","[0.308063, 0.279474, 0.160569, 0.792162, 1.51823, 0.06717, 1.950888, 0.03165, 1.459224, 1.509257, 0.008108]",8
1730469174.0,steps_lrtdp,138.40789709911257,"[('vertex3', 0), ('vertex2', 2), ('vertex5', 0), ('vertex4', 0), ('vertex6', 0), ('vertex7', 0), ('vertex8', 0), ('vertex9', 2), ('vertex11', 0), ('vertex10', 0)]",0:00:07.523053,"[6.603340063937338, 23.949999999999996, 18.040335362736467, 7.871581797834533, 14.33657211470022, 8.899449421172077, 17.0868750800139, 24.993155315028766, 12.21409431763158, 4.41249362605772]","[0.337728, 1.439239, 0.129084, 3.052201, 1.615789, 0.054715, 0.043482, 0.784355, 0.016769, 0.009366]",2
1730469174.0,steps_lrtdp,138.40789709911257,"[('vertex3', 0), ('vertex2', 2), ('vertex5', 0), ('vertex4', 0), ('vertex6', 0), ('vertex7', 0), ('vertex8', 0), ('vertex9', 2), ('vertex11', 0), ('vertex10', 0)]",0:00:07.741443,"[6.603340063937338, 23.949999999999996, 18.040335362736467, 7.871581797834533, 14.33657211470022, 8.899449421172077, 17.0868750800139, 24.993155315028766, 12.21409431763158, 4.41249362605772]","[0.320359, 1.489196, 0.134161, 3.124917, 1.621113, 0.055304, 0.044262, 0.885027, 0.017469, 0.009609]",5
1730469174.0,steps_lrtdp,129.36500010839643,"[('vertex3', 0), ('vertex4', 0), ('vertex2', 0), ('vertex5', 0), ('vertex7', 0), ('vertex6', 0), ('vertex8', 0), ('vertex9', 0), ('wait', 0), ('vertex11', 0), ('vertex10', 0)]",0:00:04.432998,"[6.603340063937338, 11.7902078013918, 10.502023614523065, 18.040335362736467, 15.630818916486751, 8.899449421172077, 16.279081669430866, 4.993155315028766, 20.0, 12.21409431763158, 4.41249362605772]","[0.326812, 1.550214, 0.193224, 0.099305, 0.0868, 0.566875, 1.485303, 0.033332, 0.029213, 0.018501, 0.010259]",8
1730470651.0,steps_lrtdp,101.3560387421027,"[('vertex3', 0), ('vertex2', 0), ('vertex4', 0), ('vertex5', 0), ('vertex7', 0), ('vertex6', 0), ('vertex8', 0), ('vertex9', 0), ('vertex11', 1), ('vertex10', 0)]",0:00:23.633167,"[6.603340063937338, 3.9499999999999957, 10.502023614523065, 7.871581797834533, 15.630818916486751, 8.899449421172077, 16.279081669430866, 4.993155315028766, 22.21409431763158, 4.41249362605772]","[1.870826, 1.760617, 0.808188, 1.613748, 0.090009, 0.5579, 10.488564, 4.416604, 1.938013, 0.03674]",2
1730470651.0,steps_lrtdp,101.3560387421027,"[('vertex3', 0), ('vertex2', 0), ('vertex4', 0), ('vertex5', 0), ('vertex7', 0), ('vertex6', 0), ('vertex8', 0), ('vertex9', 0), ('vertex11', 1), ('vertex10', 0)]",0:00:19.678328,"[6.603340063937338, 3.9499999999999957, 10.502023614523065, 7.871581797834533, 15.630818916486751, 8.899449421172077, 16.279081669430866, 4.993155315028766, 22.21409431763158, 4.41249362605772]","[5.849313, 4.224418, 1.081038, 1.996537, 0.096855, 0.701749, 3.496447, 1.558865, 0.611424, 0.015126]",5
1730470651.0,steps_lrtdp,101.3560387421027,"[('vertex3', 0), ('vertex2', 0), ('vertex4', 0), ('vertex5', 0), ('vertex7', 0), ('vertex6', 0), ('vertex8', 0), ('vertex9', 0), ('vertex11', 1), ('vertex10', 0)]",0:00:12.072156,"[6.603340063937338, 3.9499999999999957, 10.502023614523065, 7.871581797834533, 15.630818916486751, 8.899449421172077, 16.279081669430866, 4.993155315028766, 22.21409431763158, 4.41249362605772]","[1.904207, 1.785437, 0.712052, 1.56772, 0.087044, 0.534546, 3.160117, 1.656008, 0.613097, 0.01627]",8
1730471847.0,steps_lrtdp,111.3560387421027,"[('vertex3', 0), ('vertex2', 0), ('vertex4', 2), ('vertex5', 0), ('vertex7', 0), ('vertex6', 0), ('vertex8', 0), ('vertex9', 0), ('vertex11', 0), ('vertex10', 0)]",0:00:07.014085,"[6.603340063937338, 3.9499999999999957, 30.502023614523065, 7.871581797834533, 15.630818916486751, 8.899449421172077, 16.279081669430866, 4.993155315028766, 12.21409431763158, 4.41249362605772]","[2.090101, 1.329839, 1.442951, 0.134678, 0.083045, 0.065095, 0.064938, 0.03957, 0.024829, 1.699756]",2
1730471847.0,steps_lrtdp,111.3560387421027,"[('vertex3', 0), ('vertex2', 0), ('vertex4', 2), ('vertex5', 0), ('vertex7', 0), ('vertex6', 0), ('vertex8', 0), ('vertex9', 0), ('vertex11', 0), ('vertex10', 0)]",0:00:06.834333,"[6.603340063937338, 3.9499999999999957, 30.502023614523065, 7.871581797834533, 15.630818916486751, 8.899449421172077, 16.279081669430866, 4.993155315028766, 12.21409431763158, 4.41249362605772]","[2.057489, 1.11565, 1.42368, 0.141976, 0.086306, 0.094687, 0.076848, 0.030682, 0.015888, 1.749372]",5
1730471847.0,steps_lrtdp,111.3560387421027,"[('vertex3', 0), ('vertex2', 0), ('vertex4', 2), ('vertex5', 0), ('vertex7', 0), ('vertex6', 0), ('vertex8', 0), ('vertex9', 0), ('vertex11', 0), ('vertex10', 0)]",0:00:07.111034,"[6.603340063937338, 3.9499999999999957, 30.502023614523065, 7.871581797834533, 15.630818916486751, 8.899449421172077, 16.279081669430866, 4.993155315028766, 12.21409431763158, 4.41249362605772]","[2.183919, 1.096759, 1.734633, 0.156815, 0.096964, 0.068476, 0.039026, 0.027633, 0.026759, 1.645223]",8
1730473050.0,steps_lrtdp,131.35603874210267,"[('vertex3', 0), ('vertex2', 0), ('vertex4', 0), ('vertex5', 2), ('vertex7', 0), ('vertex6', 0), ('vertex8', 0), ('vertex9', 2), ('vertex11', 0), ('vertex10', 0)]",0:00:09.054825,"[6.603340063937338, 3.9499999999999957, 10.502023614523065, 27.871581797834533, 15.630818916486751, 8.899449421172077, 16.279081669430866, 24.993155315028766, 12.21409431763158, 4.41249362605772]","[0.344302, 1.552071, 0.17048, 0.142981, 0.089319, 2.117847, 1.486329, 1.894241, 1.175843, 0.022417]",2
1730473050.0,steps_lrtdp,131.35603874210267,"[('vertex3', 0), ('vertex2', 0), ('vertex4', 0), ('vertex5', 2), ('vertex7', 0), ('vertex6', 0), ('vertex8', 0), ('vertex9', 2), ('vertex11', 0), ('vertex10', 0)]",0:00:26.306514,"[6.603340063937338, 3.9499999999999957, 10.502023614523065, 27.871581797834533, 15.630818916486751, 8.899449421172077, 16.279081669430866, 24.993155315028766, 12.21409431763158, 4.41249362605772]","[0.492219, 5.087782, 0.510735, 0.491191, 0.303817, 6.798218, 3.920665, 4.942355, 3.522747, 0.080388]",5
1730473050.0,steps_lrtdp,138.76583220878473,"[('vertex3', 0), ('vertex2', 0), ('vertex4', 0), ('vertex7', 0), ('vertex5', 0), ('vertex6', 0), ('vertex8', 0), ('vertex9', 0), ('vertex11', 1), ('wait', 0), ('vertex10', 0)]",0:00:15.384418,"[6.603340063937338, 3.9499999999999957, 10.502023614523065, 15.763873255009377, 15.630818916486751, 18.41695143067929, 16.279081669430866, 4.993155315028766, 22.21409431763158, 20.0, 4.41249362605772]","[0.992155, 3.837041, 0.298704, 0.237253, 2.201957, 0.552754, 1.703387, 0.039817, 1.643196, 1.074407, 2.734682]",8
1730473999.0,steps_lrtdp,91.3560387421027,"[('vertex3', 0), ('vertex2', 0), ('vertex4', 0), ('vertex5', 0), ('vertex7', 0), ('vertex6', 0), ('vertex8', 0), ('vertex9', 0), ('vertex11', 0), ('vertex10', 0)]",0:00:10.357258,"[6.603340063937338, 3.9499999999999957, 10.502023614523065, 7.871581797834533, 15.630818916486751, 8.899449421172077, 16.279081669430866, 4.993155315028766, 12.21409431763158, 4.41249362605772]","[0.35627, 0.66634, 1.454801, 0.129185, 0.08595, 2.164485, 0.043008, 1.619996, 2.274039, 1.512401]",2
1730473999.0,steps_lrtdp,91.3560387421027,"[('vertex3', 0), ('vertex2', 0), ('vertex4', 0), ('vertex5', 0), ('vertex7', 0), ('vertex6', 0), ('vertex8', 0), ('vertex9', 0), ('vertex11', 0), ('vertex10', 0)]",0:00:10.989813,"[6.603340063937338, 3.9499999999999957, 10.502023614523065, 7.871581797834533, 15.630818916486751, 8.899449421172077, 16.279081669430866, 4.993155315028766, 12.21409431763158, 4.41249362605772]","[0.311577, 0.609746, 1.519326, 0.229623, 0.12107, 2.227746, 0.042918, 1.571078, 2.711382, 1.58756]",5
1730473999.0,steps_lrtdp,91.3560387421027,"[('vertex3', 0), ('vertex2', 0), ('vertex4', 0), ('vertex5', 0), ('vertex7', 0), ('vertex6', 0), ('vertex8', 0), ('vertex9', 0), ('vertex11', 0), ('vertex10', 0)]",0:00:10.833944,"[6.603340063937338, 3.9499999999999957, 10.502023614523065, 7.871581797834533, 15.630818916486751, 8.899449421172077, 16.279081669430866, 4.993155315028766, 12.21409431763158, 4.41249362605772]","[0.338484, 0.658375, 1.614947, 0.1426, 0.09668, 2.235176, 0.045695, 1.649501, 2.416011, 1.585795]",8
1730474768.0,steps_lrtdp,97.77788770935037,"[('vertex3', 0), ('vertex2', 0), ('vertex4', 0), ('vertex5', 0), ('vertex6', 0), ('vertex7', 0), ('vertex9', 0), ('vertex8', 0), ('vertex10', 0), ('vertex11', 0)]",0:00:20.981266,"[6.603340063937338, 3.9499999999999957, 10.502023614523065, 7.871581797834533, 18.41695143067929, 8.899449421172077, 15.55276502747984, 4.993155315028766, 16.57612741263773, 4.41249362605772]","[0.46863, 2.068785, 3.989901, 2.695225, 1.563112, 2.457553, 2.414434, 1.589753, 3.557877, 0.056519]",2
1730474768.0,steps_lrtdp,97.77788770935037,"[('vertex3', 0), ('vertex2', 0), ('vertex4', 0), ('vertex5', 0), ('vertex6', 0), ('vertex7', 0), ('vertex9', 0), ('vertex8', 0), ('vertex10', 0), ('vertex11', 0)]",0:00:21.412041,"[6.603340063937338, 3.9499999999999957, 10.502023614523065, 7.871581797834533, 18.41695143067929, 8.899449421172077, 15.55276502747984, 4.993155315028766, 16.57612741263773, 4.41249362605772]","[1.391456, 5.237199, 8.96596, 1.537488, 0.545273, 1.011403, 0.906729, 0.464783, 1.272616, 0.012441]",5
1730474768.0,steps_lrtdp,97.77788770935037,"[('vertex3', 0), ('vertex2', 0), ('vertex4', 0), ('vertex5', 0), ('vertex6', 0), ('vertex7', 0), ('vertex9', 0), ('vertex8', 0), ('vertex10', 0), ('vertex11', 0)]",0:00:11.724697,"[6.603340063937338, 3.9499999999999957, 10.502023614523065, 7.871581797834533, 18.41695143067929, 8.899449421172077, 15.55276502747984, 4.993155315028766, 16.57612741263773, 4.41249362605772]","[0.593686, 2.061597, 3.626328, 1.171175, 0.537787, 0.849047, 0.890603, 0.564149, 1.367937, 0.01255]",8
1730475946.0,steps_lrtdp,107.77788770935037,"[('vertex3', 0), ('vertex2', 0), ('vertex4', 0), ('vertex5', 0), ('vertex6', 0), ('vertex7', 0), ('vertex9', 0), ('vertex8', 1), ('vertex10', 0), ('vertex11', 0)]",0:00:14.028962,"[6.603340063937338, 3.9499999999999957, 10.502023614523065, 7.871581797834533, 18.41695143067929, 8.899449421172077, 15.55276502747984, 14.993155315028766, 16.57612741263773, 4.41249362605772]","[0.318626, 0.282484, 0.849909, 1.556398, 1.443361, 0.490737, 1.687083, 3.293896, 0.184754, 3.874867]",2
1730475946.0,steps_lrtdp,107.77788770935037,"[('vertex3', 0), ('vertex2', 0), ('vertex4', 0), ('vertex5', 0), ('vertex6', 0), ('vertex7', 0), ('vertex9', 0), ('vertex8', 1), ('vertex10', 0), ('vertex11', 0)]",0:00:17.796510,"[6.603340063937338, 3.9499999999999957, 10.502023614523065, 7.871581797834533, 18.41695143067929, 8.899449421172077, 15.55276502747984, 14.993155315028766, 16.57612741263773, 4.41249362605772]","[0.359222, 0.313299, 0.955322, 1.617227, 1.387153, 0.535691, 1.612627, 2.983332, 0.144993, 7.832383]",5
1730475946.0,steps_lrtdp,107.77788770935037,"[('vertex3', 0), ('vertex2', 0), ('vertex4', 0), ('vertex5', 0), ('vertex6', 0), ('vertex7', 0), ('vertex9', 0), ('vertex8', 1), ('vertex10', 0), ('vertex11', 0)]",0:00:30.797676,"[6.603340063937338, 3.9499999999999957, 10.502023614523065, 7.871581797834533, 18.41695143067929, 8.899449421172077, 15.55276502747984, 14.993155315028766, 16.57612741263773, 4.41249362605772]","[1.02417, 0.832964, 3.082485, 5.697628, 7.004948, 1.691456, 3.316415, 4.063085, 0.173823, 3.807477]",8
1730476673.0,steps_lrtdp,121.3560387421027,"[('vertex3', 0), ('vertex2', 0), ('vertex4', 0), ('vertex5', 1), ('vertex7', 0), ('vertex6', 0), ('vertex8', 0), ('vertex9', 0), ('vertex11', 2), ('vertex10', 0)]",0:00:17.572146,"[6.603340063937338, 3.9499999999999957, 10.502023614523065, 17.871581797834533, 15.630818916486751, 8.899449421172077, 16.279081669430866, 4.993155315028766, 32.21409431763158, 4.41249362605772]","[2.626581, 1.68922, 2.467176, 1.698783, 0.496209, 2.330441, 1.479074, 1.413185, 3.27885, 0.018258]",2
1730476673.0,steps_lrtdp,121.3560387421027,"[('vertex3', 0), ('vertex2', 0), ('vertex4', 0), ('vertex5', 1), ('vertex7', 0), ('vertex6', 0), ('vertex8', 0), ('vertex9', 0), ('vertex11', 2), ('vertex10', 0)]",0:00:26.980011,"[6.603340063937338, 3.9499999999999957, 10.502023614523065, 17.871581797834533, 15.630818916486751, 8.899449421172077, 16.279081669430866, 4.993155315028766, 32.21409431763158, 4.41249362605772]","[2.805746, 1.856022, 2.426511, 1.863526, 0.52285, 2.445941, 1.555463, 3.890986, 9.449914, 0.046425]",5
1730476673.0,steps_lrtdp,121.3560387421027,"[('vertex3', 0), ('vertex2', 0), ('vertex4', 0), ('vertex5', 1), ('vertex7', 0), ('vertex6', 0), ('vertex8', 0), ('vertex9', 0), ('wait', 0), ('vertex11', 0), ('vertex10', 0)]",0:00:27.625568,"[6.603340063937338, 3.9499999999999957, 10.502023614523065, 17.871581797834533, 15.630818916486751, 8.899449421172077, 16.279081669430866, 4.993155315028766, 20.0, 12.21409431763158, 4.41249362605772]","[7.723992, 4.665325, 4.005046, 2.050737, 0.61905, 2.504924, 1.555478, 1.352155, 3.009315, 0.028764, 0.018341]",8
1730477325.0,steps_lrtdp,112.93901083971166,"[('vertex3', 0), ('vertex2', 0), ('vertex4', 0), ('vertex5', 0), ('vertex7', 0), ('vertex6', 0), ('vertex8', 0), ('vertex10', 0), ('vertex11', 0), ('vertex9', 1)]",0:00:05.384344,"[6.603340063937338, 3.9499999999999957, 10.502023614523065, 7.871581797834533, 15.630818916486751, 8.899449421172077, 16.279081669430866, 16.57612741263773, 4.41249362605772, 22.21409431763158]","[0.310387, 0.771117, 1.484954, 0.583596, 0.084721, 0.067172, 0.040298, 1.294591, 0.026654, 0.677899]",2
1730477325.0,steps_lrtdp,112.93901083971166,"[('vertex3', 0), ('vertex2', 0), ('vertex4', 0), ('vertex5', 0), ('vertex7', 0), ('vertex6', 0), ('vertex8', 0), ('vertex10', 0), ('vertex11', 0), ('vertex9', 1)]",0:00:05.326577,"[6.603340063937338, 3.9499999999999957, 10.502023614523065, 7.871581797834533, 15.630818916486751, 8.899449421172077, 16.279081669430866, 16.57612741263773, 4.41249362605772, 22.21409431763158]","[0.314854, 0.778466, 1.409639, 0.620252, 0.086561, 0.068599, 0.041164, 1.278604, 0.0263, 0.659391]",5
1730477325.0,steps_lrtdp,112.93901083971166,"[('vertex3', 0), ('vertex2', 0), ('vertex4', 0), ('vertex5', 0), ('vertex7', 0), ('vertex6', 0), ('vertex8', 0), ('vertex10', 0), ('vertex11', 0), ('vertex9', 1)]",0:00:05.429105,"[6.603340063937338, 3.9499999999999957, 10.502023614523065, 7.871581797834533, 15.630818916486751, 8.899449421172077, 16.279081669430866, 16.57612741263773, 4.41249362605772, 22.21409431763158]","[0.322711, 0.809858, 1.347267, 0.574448, 0.08804, 0.069791, 0.042295, 1.493843, 0.026436, 0.610578]",8
1730478610.0,steps_lrtdp,91.3560387421027,"[('vertex3', 0), ('vertex2', 0), ('vertex4', 0), ('vertex5', 0), ('vertex7', 0), ('vertex6', 0), ('vertex8', 0), ('vertex9', 0), ('vertex11', 0), ('vertex10', 0)]",0:00:03.625699,"[6.603340063937338, 3.9499999999999957, 10.502023614523065, 7.871581797834533, 15.630818916486751, 8.899449421172077, 16.279081669430866, 4.993155315028766, 12.21409431763158, 4.41249362605772]","[0.323464, 0.891066, 0.163817, 0.293095, 0.086432, 0.196504, 1.593114, 0.0268, 0.014613, 0.008226]",2
1730478610.0,steps_lrtdp,91.3560387421027,"[('vertex3', 0), ('vertex2', 0), ('vertex4', 0), ('vertex5', 0), ('vertex7', 0), ('vertex6', 0), ('vertex8', 0), ('vertex9', 0), ('vertex11', 0), ('vertex10', 0)]",0:00:03.592681,"[6.603340063937338, 3.9499999999999957, 10.502023614523065, 7.871581797834533, 15.630818916486751, 8.899449421172077, 16.279081669430866, 4.993155315028766, 12.21409431763158, 4.41249362605772]","[0.327543, 0.785902, 0.167458, 0.32655, 0.088807, 0.202039, 1.614768, 0.027489, 0.01492, 0.008498]",5
1730478610.0,steps_lrtdp,91.3560387421027,"[('vertex3', 0), ('vertex2', 0), ('vertex4', 0), ('vertex5', 0), ('vertex7', 0), ('vertex6', 0), ('vertex8', 0), ('vertex9', 0), ('vertex11', 0), ('vertex10', 0)]",0:00:07.976267,"[6.603340063937338, 3.9499999999999957, 10.502023614523065, 7.871581797834533, 15.630818916486751, 8.899449421172077, 16.279081669430866, 4.993155315028766, 12.21409431763158, 4.41249362605772]","[0.332091, 0.904421, 0.274396, 0.448294, 0.163983, 0.348638, 5.234066, 0.110887, 0.06352, 0.035161]",8
1730479739.0,steps_lrtdp,101.3560387421027,"[('vertex3', 0), ('vertex2', 0), ('vertex4', 0), ('vertex5', 1), ('vertex7', 0), ('vertex6', 0), ('vertex8', 0), ('vertex9', 0), ('vertex11', 0), ('vertex10', 0)]",0:00:35.647349,"[6.603340063937338, 3.9499999999999957, 10.502023614523065, 17.871581797834533, 15.630818916486751, 8.899449421172077, 16.279081669430866, 4.993155315028766, 12.21409431763158, 4.41249362605772]","[1.291461, 7.688829, 20.997085, 0.171494, 0.114365, 0.097246, 3.948734, 0.17856, 0.024052, 1.054207]",2
1730479739.0,steps_lrtdp,101.3560387421027,"[('vertex3', 0), ('vertex2', 0), ('vertex4', 0), ('vertex5', 1), ('vertex7', 0), ('vertex6', 0), ('vertex8', 0), ('vertex9', 0), ('vertex11', 0), ('vertex10', 0)]",0:00:14.058013,"[6.603340063937338, 3.9499999999999957, 10.502023614523065, 17.871581797834533, 15.630818916486751, 8.899449421172077, 16.279081669430866, 4.993155315028766, 12.21409431763158, 4.41249362605772]","[0.304348, 2.104633, 7.2937, 0.138325, 0.0888, 0.069506, 2.802865, 0.236303, 0.024933, 0.940786]",5
1730479739.0,steps_lrtdp,101.3560387421027,"[('vertex3', 0), ('vertex2', 0), ('vertex4', 0), ('vertex5', 1), ('vertex7', 0), ('vertex6', 0), ('vertex8', 0), ('vertex9', 0), ('vertex11', 0), ('vertex10', 0)]",0:00:14.994484,"[6.603340063937338, 3.9499999999999957, 10.502023614523065, 17.871581797834533, 15.630818916486751, 8.899449421172077, 16.279081669430866, 4.993155315028766, 12.21409431763158, 4.41249362605772]","[0.330215, 2.156526, 7.821561, 0.144679, 0.095996, 0.071799, 3.07432, 0.292045, 0.024376, 0.928414]",8
1730480366.0,steps_lrtdp,159.06012674935187,"[('vertex3', 0), ('vertex2', 0), ('vertex4', 1), ('vertex5', 2), ('vertex7', 0), ('vertex6', 0), ('vertex9', 0), ('vertex11', 0), ('vertex10', 0), ('vertex8', 3)]",0:00:15.276920,"[6.603340063937338, 3.9499999999999957, 20.502023614523065, 27.871581797834533, 15.630818916486751, 8.899449421172077, 12.40019757907107, 12.21409431763158, 4.41249362605772, 46.57612741263773]","[2.536789, 2.226697, 0.533597, 1.871971, 0.089893, 0.122951, 4.511153, 3.069529, 0.106009, 0.07675]",2
1730480366.0,steps_lrtdp,169.06012674935187,"[('vertex3', 0), ('vertex2', 0), ('vertex4', 1), ('vertex5', 2), ('vertex7', 0), ('vertex6', 0), ('vertex9', 0), ('vertex11', 0), ('vertex10', 0), ('wait', 0), ('vertex8', 2)]",0:00:28.169030,"[6.603340063937338, 3.9499999999999957, 20.502023614523065, 27.871581797834533, 15.630818916486751, 8.899449421172077, 12.40019757907107, 12.21409431763158, 4.41249362605772, 20.0, 36.57612741263773]","[6.601503, 5.37521, 1.200751, 4.24815, 0.194713, 0.272474, 8.511877, 1.528884, 0.04272, 0.034699, 0.027912]",5
1730480366.0,steps_lrtdp,179.06012674935187,"[('vertex3', 0), ('vertex2', 0), ('vertex4', 1), ('vertex5', 2), ('vertex7', 0), ('vertex6', 0), ('vertex9', 0), ('vertex11', 0), ('vertex10', 0), ('wait', 0), ('wait', 0), ('vertex8', 1)]",0:00:14.126774,"[6.603340063937338, 3.9499999999999957, 20.502023614523065, 27.871581797834533, 15.630818916486751, 8.899449421172077, 12.40019757907107, 12.21409431763158, 4.41249362605772, 20.0, 20.0, 26.57612741263773]","[2.524763, 2.182715, 0.494436, 1.64059, 0.082628, 0.113419, 4.071178, 1.1687, 0.033855, 0.026651, 0.023574, 1.692619]",8
1730480878.0,steps_lrtdp,101.3560387421027,"[('vertex3', 0), ('vertex2', 0), ('vertex4', 0), ('vertex5', 0), ('vertex7', 0), ('vertex6', 0), ('vertex8', 0), ('vertex9', 0), ('vertex11', 0), ('vertex10', 1)]",0:00:09.896773,"[6.603340063937338, 3.9499999999999957, 10.502023614523065, 7.871581797834533, 15.630818916486751, 8.899449421172077, 16.279081669430866, 4.993155315028766, 12.21409431763158, 14.41249362605772]","[1.562108, 0.274649, 2.005917, 0.528292, 0.086209, 0.071719, 0.042223, 1.215693, 2.296798, 1.744514]",2
1730480878.0,steps_lrtdp,101.3560387421027,"[('vertex3', 0), ('vertex2', 0), ('vertex4', 0), ('vertex5', 0), ('vertex7', 0), ('vertex6', 0), ('vertex8', 0), ('vertex9', 0), ('vertex11', 0), ('vertex10', 1)]",0:00:10.158391,"[6.603340063937338, 3.9499999999999957, 10.502023614523065, 7.871581797834533, 15.630818916486751, 8.899449421172077, 16.279081669430866, 4.993155315028766, 12.21409431763158, 14.41249362605772]","[1.613233, 0.286956, 2.158269, 0.633044, 0.090826, 0.074792, 0.044239, 1.016158, 2.440383, 1.730576]",5
1730480878.0,steps_lrtdp,101.3560387421027,"[('vertex3', 0), ('vertex2', 0), ('vertex4', 0), ('vertex5', 0), ('vertex7', 0), ('vertex6', 0), ('vertex8', 0), ('vertex9', 0), ('vertex11', 0), ('vertex10', 1)]",0:00:10.641383,"[6.603340063937338, 3.9499999999999957, 10.502023614523065, 7.871581797834533, 15.630818916486751, 8.899449421172077, 16.279081669430866, 4.993155315028766, 12.21409431763158, 14.41249362605772]","[1.641803, 0.289414, 2.134195, 0.537336, 0.092764, 0.077433, 0.063285, 1.415423, 2.458919, 1.85863]",8
1730481549.0,steps_lrtdp,101.3560387421027,"[('vertex3', 0), ('vertex2', 0), ('vertex4', 1), ('vertex5', 0), ('vertex7', 0), ('vertex6', 0), ('vertex8', 0), ('vertex9', 0), ('vertex11', 0), ('vertex10', 0)]",0:00:09.351477,"[6.603340063937338, 3.9499999999999957, 20.502023614523065, 7.871581797834533, 15.630818916486751, 8.899449421172077, 16.279081669430866, 4.993155315028766, 12.21409431763158, 4.41249362605772]","[0.314395, 1.033186, 0.164616, 0.139772, 1.573691, 1.949933, 3.903415, 0.086642, 0.062398, 0.038231]",2
1730481549.0,steps_lrtdp,101.3560387421027,"[('vertex3', 0), ('vertex2', 0), ('vertex4', 1), ('vertex5', 0), ('vertex7', 0), ('vertex6', 0), ('vertex8', 0), ('vertex9', 0), ('vertex11', 0), ('vertex10', 0)]",0:00:13.704099,"[6.603340063937338, 3.9499999999999957, 20.502023614523065, 7.871581797834533, 15.630818916486751, 8.899449421172077, 16.279081669430866, 4.993155315028766, 12.21409431763158, 4.41249362605772]","[0.827259, 2.365051, 0.398663, 0.333422, 3.569836, 2.304284, 3.644159, 0.072035, 0.051425, 0.031834]",5
1730481549.0,steps_lrtdp,101.3560387421027,"[('vertex3', 0), ('vertex2', 0), ('vertex4', 1), ('vertex5', 0), ('vertex7', 0), ('vertex6', 0), ('vertex8', 0), ('vertex9', 0), ('vertex11', 0), ('vertex10', 0)]",0:00:09.172864,"[6.603340063937338, 3.9499999999999957, 20.502023614523065, 7.871581797834533, 15.630818916486751, 8.899449421172077, 16.279081669430866, 4.993155315028766, 12.21409431763158, 4.41249362605772]","[0.702095, 2.290684, 0.362069, 0.28455, 2.382405, 1.261125, 1.738084, 0.036349, 0.02602, 0.016543]",8
1730482401.0,steps_lrtdp,92.05167718700342,"[('vertex3', 0), ('vertex2', 0), ('vertex4', 0), ('vertex5', 0), ('vertex7', 0), ('vertex6', 0), ('vertex8', 0), ('vertex9', 0), ('vertex10', 0), ('vertex11', 0)]",0:00:12.942521,"[6.603340063937338, 3.9499999999999957, 10.502023614523065, 7.871581797834533, 15.630818916486751, 8.899449421172077, 16.279081669430866, 4.993155315028766, 12.909732762532306, 4.41249362605772]","[3.038088, 0.273679, 1.53364, 0.285467, 0.620972, 0.597681, 2.42327, 0.815618, 2.823606, 0.474674]",2
1730482401.0,steps_lrtdp,92.05167718700342,"[('vertex3', 0), ('vertex2', 0), ('vertex4', 0), ('vertex5', 0), ('vertex7', 0), ('vertex6', 0), ('vertex8', 0), ('vertex9', 0), ('vertex10', 0), ('vertex11', 0)]",0:00:12.760567,"[6.603340063937338, 3.9499999999999957, 10.502023614523065, 7.871581797834533, 15.630818916486751, 8.899449421172077, 16.279081669430866, 4.993155315028766, 12.909732762532306, 4.41249362605772]","[2.766202, 0.278695, 1.606399, 0.298394, 0.549743, 0.594183, 2.486465, 0.711688, 2.892438, 0.51935]",5
1730482401.0,steps_lrtdp,92.05167718700342,"[('vertex3', 0), ('vertex2', 0), ('vertex4', 0), ('vertex5', 0), ('vertex7', 0), ('vertex6', 0), ('vertex8', 0), ('vertex9', 0), ('vertex10', 0), ('vertex11', 0)]",0:00:12.935008,"[6.603340063937338, 3.9499999999999957, 10.502023614523065, 7.871581797834533, 15.630818916486751, 8.899449421172077, 16.279081669430866, 4.993155315028766, 12.909732762532306, 4.41249362605772]","[2.900416, 0.284261, 1.589644, 0.273118, 0.572817, 0.574777, 2.536241, 0.807851, 2.841055, 0.497364]",8
1730483402.0,steps_lrtdp,101.3560387421027,"[('vertex3', 0), ('vertex2', 0), ('vertex4', 0), ('vertex5', 0), ('vertex7', 1), ('vertex6', 0), ('vertex8', 0), ('vertex9', 0), ('vertex11', 0), ('vertex10', 0)]",0:00:06.050717,"[6.603340063937338, 3.9499999999999957, 10.502023614523065, 7.871581797834533, 25.630818916486753, 8.899449421172077, 16.279081669430866, 4.993155315028766, 12.21409431763158, 4.41249362605772]","[0.319001, 0.282955, 2.184878, 0.349257, 0.375626, 0.734483, 0.167038, 0.030159, 1.551465, 0.013764]",2
1730483402.0,steps_lrtdp,101.3560387421027,"[('vertex3', 0), ('vertex2', 0), ('vertex4', 0), ('vertex5', 0), ('vertex7', 1), ('vertex6', 0), ('vertex8', 0), ('vertex9', 0), ('vertex11', 0), ('vertex10', 0)]",0:00:06.095576,"[6.603340063937338, 3.9499999999999957, 10.502023614523065, 7.871581797834533, 25.630818916486753, 8.899449421172077, 16.279081669430866, 4.993155315028766, 12.21409431763158, 4.41249362605772]","[0.321827, 0.289159, 2.074622, 0.343389, 0.402362, 0.868203, 0.171856, 0.030873, 1.537229, 0.013885]",5
1730483402.0,steps_lrtdp,101.3560387421027,"[('vertex3', 0), ('vertex2', 0), ('vertex4', 0), ('vertex5', 0), ('vertex7', 1), ('vertex6', 0), ('vertex8', 0), ('vertex9', 0), ('vertex11', 0), ('vertex10', 0)]",0:00:06.237571,"[6.603340063937338, 3.9499999999999957, 10.502023614523065, 7.871581797834533, 25.630818916486753, 8.899449421172077, 16.279081669430866, 4.993155315028766, 12.21409431763158, 4.41249362605772]","[0.32991, 0.286731, 2.242266, 0.350572, 0.40953, 0.816761, 0.172055, 0.031267, 1.541474, 0.013826]",8
1730502762.0,steps_lrtdp,91.3560387421027,"[('vertex3', 0), ('vertex2', 0), ('vertex4', 0), ('vertex5', 0), ('vertex7', 0), ('vertex6', 0), ('vertex8', 0), ('vertex9', 0), ('vertex11', 0), ('vertex10', 0)]",0:00:01.120092,"[6.603340063937338, 3.9499999999999957, 10.502023614523065, 7.871581797834533, 15.630818916486751, 8.899449421172077, 16.279081669430866, 4.993155315028766, 12.21409431763158, 4.41249362605772]","[0.319064, 0.276314, 0.158073, 0.131015, 0.07902, 0.063245, 0.034747, 0.025366, 0.012992, 0.007008]",2
1730502762.0,steps_lrtdp,91.3560387421027,"[('vertex3', 0), ('vertex2', 0), ('vertex4', 0), ('vertex5', 0), ('vertex7', 0), ('vertex6', 0), ('vertex8', 0), ('vertex9', 0), ('vertex11', 0), ('vertex10', 0)]",0:00:01.297581,"[6.603340063937338, 3.9499999999999957, 10.502023614523065, 7.871581797834533, 15.630818916486751, 8.899449421172077, 16.279081669430866, 4.993155315028766, 12.21409431763158, 4.41249362605772]","[0.317541, 0.278074, 0.178176, 0.172552, 0.112917, 0.09495, 0.054328, 0.041409, 0.020839, 0.010362]",5
1730502762.0,steps_lrtdp,91.3560387421027,"[('vertex3', 0), ('vertex2', 0), ('vertex4', 0), ('vertex5', 0), ('vertex7', 0), ('vertex6', 0), ('vertex8', 0), ('vertex9', 0), ('vertex11', 0), ('vertex10', 0)]",0:00:02.682623,"[6.603340063937338, 3.9499999999999957, 10.502023614523065, 7.871581797834533, 15.630818916486751, 8.899449421172077, 16.279081669430866, 4.993155315028766, 12.21409431763158, 4.41249362605772]","[0.680302, 0.659123, 0.400714, 0.331528, 0.200961, 0.159623, 0.093893, 0.069888, 0.041071, 0.017187]",8
1730525602.0,steps_lrtdp,91.3560387421027,"[('vertex3', 0), ('vertex2', 0), ('vertex4', 0), ('vertex5', 0), ('vertex7', 0), ('vertex6', 0), ('vertex8', 0), ('vertex9', 0), ('vertex11', 0), ('vertex10', 0)]",0:00:02.790361,"[6.603340063937338, 3.9499999999999957, 10.502023614523065, 7.871581797834533, 15.630818916486751, 8.899449421172077, 16.279081669430866, 4.993155315028766, 12.21409431763158, 4.41249362605772]","[0.816315, 0.689711, 0.396028, 0.326735, 0.195363, 0.152414, 0.084341, 0.059981, 0.031854, 0.012856]",2
1730525602.0,steps_lrtdp,91.3560387421027,"[('vertex3', 0), ('vertex2', 0), ('vertex4', 0), ('vertex5', 0), ('vertex7', 0), ('vertex6', 0), ('vertex8', 0), ('vertex9', 0), ('vertex11', 0), ('vertex10', 0)]",0:00:02.696440,"[6.603340063937338, 3.9499999999999957, 10.502023614523065, 7.871581797834533, 15.630818916486751, 8.899449421172077, 16.279081669430866, 4.993155315028766, 12.21409431763158, 4.41249362605772]","[0.791552, 0.687336, 0.369287, 0.307692, 0.184525, 0.146428, 0.085672, 0.05706, 0.030039, 0.01288]",5
1730525602.0,steps_lrtdp,91.3560387421027,"[('vertex3', 0), ('vertex2', 0), ('vertex4', 0), ('vertex5', 0), ('vertex7', 0), ('vertex6', 0), ('vertex8', 0), ('vertex9', 0), ('vertex11', 0), ('vertex10', 0)]",0:00:02.623714,"[6.603340063937338, 3.9499999999999957, 10.502023614523065, 7.871581797834533, 15.630818916486751, 8.899449421172077, 16.279081669430866, 4.993155315028766, 12.21409431763158, 4.41249362605772]","[0.745422, 0.65676, 0.372263, 0.31188, 0.186874, 0.145698, 0.080008, 0.057712, 0.03041, 0.012891]",8
1730541705.0,steps_lrtdp,91.3560387421027,"[('vertex3', 0), ('vertex2', 0), ('vertex4', 0), ('vertex5', 0), ('vertex7', 0), ('vertex6', 0), ('vertex8', 0), ('vertex9', 0), ('vertex11', 0), ('vertex10', 0)]",0:00:02.508808,"[6.603340063937338, 3.9499999999999957, 10.502023614523065, 7.871581797834533, 15.630818916486751, 8.899449421172077, 16.279081669430866, 4.993155315028766, 12.21409431763158, 4.41249362605772]","[0.711722, 0.618417, 0.351706, 0.294819, 0.176691, 0.141593, 0.078101, 0.058225, 0.030531, 0.017454]",2
1730541705.0,steps_lrtdp,91.3560387421027,"[('vertex3', 0), ('vertex2', 0), ('vertex4', 0), ('vertex5', 0), ('vertex7', 0), ('vertex6', 0), ('vertex8', 0), ('vertex9', 0), ('vertex11', 0), ('vertex10', 0)]",0:00:02.542353,"[6.603340063937338, 3.9499999999999957, 10.502023614523065, 7.871581797834533, 15.630818916486751, 8.899449421172077, 16.279081669430866, 4.993155315028766, 12.21409431763158, 4.41249362605772]","[0.730442, 0.623505, 0.356419, 0.298251, 0.179887, 0.14284, 0.079198, 0.058565, 0.02893, 0.017597]",5
1730541705.0,steps_lrtdp,91.3560387421027,"[('vertex3', 0), ('vertex2', 0), ('vertex4', 0), ('vertex5', 0), ('vertex7', 0), ('vertex6', 0), ('vertex8', 0), ('vertex9', 0), ('vertex11', 0), ('vertex10', 0)]",0:00:02.432237,"[6.603340063937338, 3.9499999999999957, 10.502023614523065, 7.871581797834533, 15.630818916486751, 8.899449421172077, 16.279081669430866, 4.993155315028766, 12.21409431763158, 4.41249362605772]","[0.73351, 0.631499, 0.344952, 0.267464, 0.154019, 0.122203, 0.068357, 0.048633, 0.024531, 0.013576]",8
1730544099.0,steps_lrtdp,101.3560387421027,"[('vertex3', 0), ('vertex2', 0), ('vertex4', 0), ('vertex5', 0), ('vertex7', 0), ('vertex6', 0), ('vertex8', 0), ('vertex9', 0), ('vertex11', 1), ('vertex10', 0)]",0:00:13.932833,"[6.603340063937338, 3.9499999999999957, 10.502023614523065, 7.871581797834533, 15.630818916486751, 8.899449421172077, 16.279081669430866, 4.993155315028766, 22.21409431763158, 4.41249362605772]","[4.538975, 1.444863, 1.144826, 0.13466, 0.351798, 1.519483, 2.091853, 2.365113, 0.022596, 0.276631]",2
1730544099.0,steps_lrtdp,101.3560387421027,"[('vertex3', 0), ('vertex2', 0), ('vertex4', 0), ('vertex5', 0), ('vertex7', 0), ('vertex6', 0), ('vertex8', 0), ('vertex9', 0), ('vertex11', 1), ('vertex10', 0)]",0:00:13.106793,"[6.603340063937338, 3.9499999999999957, 10.502023614523065, 7.871581797834533, 15.630818916486751, 8.899449421172077, 16.279081669430866, 4.993155315028766, 22.21409431763158, 4.41249362605772]","[3.473948, 1.073316, 1.125046, 0.131461, 0.3884, 1.51024, 2.173195, 2.810648, 0.023612, 0.356505]",5
1730544099.0,steps_lrtdp,101.3560387421027,"[('vertex3', 0), ('vertex2', 0), ('vertex4', 0), ('vertex5', 0), ('vertex7', 0), ('vertex6', 0), ('vertex8', 0), ('vertex9', 0), ('vertex11', 1), ('vertex10', 0)]",0:00:12.631118,"[6.603340063937338, 3.9499999999999957, 10.502023614523065, 7.871581797834533, 15.630818916486751, 8.899449421172077, 16.279081669430866, 4.993155315028766, 22.21409431763158, 4.41249362605772]","[3.497131, 1.098387, 0.735091, 0.135196, 0.408454, 1.543928, 2.082731, 2.705073, 0.024018, 0.360227]",8
1730545224.0,steps_lrtdp,124.94996466687827,"[('vertex3', 0), ('vertex2', 1), ('vertex4', 0), ('vertex5', 0), ('vertex6', 0), ('vertex7', 0), ('vertex8', 0), ('vertex9', 2), ('vertex11', 0), ('vertex10', 0)]",0:00:10.376914,"[6.603340063937338, 13.949999999999996, 10.502023614523065, 7.871581797834533, 18.41695143067929, 8.899449421172077, 17.0868750800139, 24.993155315028766, 12.21409431763158, 4.41249362605772]","[0.318307, 1.843949, 1.682332, 0.139919, 1.332862, 1.621974, 0.836146, 0.922364, 1.614428, 0.014361]",2
1730545224.0,steps_lrtdp,124.94996466687827,"[('vertex3', 0), ('vertex2', 1), ('vertex4', 0), ('vertex5', 0), ('vertex6', 0), ('vertex7', 0), ('vertex8', 0), ('vertex9', 2), ('vertex11', 0), ('vertex10', 0)]",0:00:14.402628,"[6.603340063937338, 13.949999999999996, 10.502023614523065, 7.871581797834533, 18.41695143067929, 8.899449421172077, 17.0868750800139, 24.993155315028766, 12.21409431763158, 4.41249362605772]","[0.321239, 1.786126, 1.617434, 0.140372, 1.32481, 1.511433, 0.835571, 2.456798, 4.305774, 0.032875]",5
1730545224.0,steps_lrtdp,154.94996466687826,"[('vertex3', 0), ('vertex2', 1), ('vertex4', 0), ('vertex5', 0), ('vertex6', 0), ('vertex7', 0), ('vertex8', 0), ('wait', 0), ('wait', 0), ('vertex9', 0), ('vertex11', 1), ('vertex10', 0)]",0:00:24.459034,"[6.603340063937338, 13.949999999999996, 10.502023614523065, 7.871581797834533, 18.41695143067929, 8.899449421172077, 17.0868750800139, 20.0, 20.0, 4.993155315028766, 22.21409431763158, 4.41249362605772]","[0.81151, 4.447552, 3.887572, 0.323137, 3.342619, 3.447319, 1.597838, 1.36594, 1.843422, 1.758912, 0.21542, 1.331046]",8
1730545812.0,steps_lrtdp,124.94996466687827,"[('vertex3', 0), ('vertex2', 2), ('vertex4', 0), ('vertex5', 1), ('vertex6', 0), ('vertex7', 0), ('vertex8', 0), ('vertex9', 0), ('vertex11', 0), ('vertex10', 0)]",0:00:13.412086,"[6.603340063937338, 23.949999999999996, 10.502023614523065, 17.871581797834533, 18.41695143067929, 8.899449421172077, 17.0868750800139, 4.993155315028766, 12.21409431763158, 4.41249362605772]","[0.656043, 3.333553, 2.135814, 0.860611, 3.852506, 0.16748, 0.488226, 0.034476, 0.235556, 1.582764]",2
1730545812.0,steps_lrtdp,124.94996466687827,"[('vertex3', 0), ('vertex2', 2), ('vertex4', 0), ('vertex5', 1), ('vertex6', 0), ('vertex7', 0), ('vertex8', 0), ('vertex9', 0), ('vertex11', 0), ('vertex10', 0)]",0:00:13.356555,"[6.603340063937338, 23.949999999999996, 10.502023614523065, 17.871581797834533, 18.41695143067929, 8.899449421172077, 17.0868750800139, 4.993155315028766, 12.21409431763158, 4.41249362605772]","[0.564778, 3.270785, 2.21337, 0.826813, 3.930132, 0.166004, 0.408565, 0.035852, 0.258812, 1.61549]",5
1730545812.0,steps_lrtdp,187.92597637956104,"[('vertex3', 0), ('wait', 0), ('vertex2', 2), ('wait', 0), ('vertex4', 0), ('vertex7', 0), ('vertex8', 0), ('vertex10', 1), ('vertex11', 0), ('vertex9', 0), ('vertex6', 0), ('vertex5', 0)]",0:00:26.311858,"[6.603340063937338, 20.0, 23.949999999999996, 20.0, 10.502023614523065, 15.763873255009377, 17.0868750800139, 26.57612741263773, 4.41249362605772, 12.21409431763158, 12.40019757907107, 18.41695143067929]","[0.577236, 3.318353, 5.495764, 1.02594, 1.996129, 2.185881, 3.622558, 0.19907, 1.890455, 0.067844, 1.624729, 4.190448]",8
1730546507.0,steps_lrtdp,161.35603874210267,"[('vertex3', 0), ('vertex2', 3), ('vertex4', 0), ('vertex5', 0), ('vertex7', 0), ('vertex6', 0), ('vertex8', 3), ('vertex9', 0), ('vertex11', 0), ('vertex10', 1)]",0:00:19.671969,"[6.603340063937338, 33.949999999999996, 10.502023614523065, 7.871581797834533, 15.630818916486751, 8.899449421172077, 46.279081669430866, 4.993155315028766, 12.21409431763158, 14.41249362605772]","[2.607998, 0.676033, 0.984032, 4.215975, 1.914563, 6.826708, 0.06696, 0.059449, 0.043098, 2.194147]",2
1730546507.0,steps_lrtdp,161.99383736328718,"[('vertex3', 0), ('wait', 0), ('vertex2', 0), ('vertex4', 0), ('vertex5', 0), ('vertex7', 0), ('vertex6', 0), ('vertex9', 2), ('vertex8', 0), ('wait', 0), ('vertex11', 0), ('vertex10', 1)]",0:00:18.422939,"[6.603340063937338, 20.0, 3.9499999999999957, 10.502023614523065, 7.871581797834533, 15.630818916486751, 8.899449421172077, 32.40019757907107, 4.993155315028766, 20.0, 16.730777029175904, 14.41249362605772]","[1.113649, 0.423741, 2.09277, 2.50118, 1.519388, 1.114314, 2.411198, 2.72499, 1.512535, 0.028696, 1.456076, 1.472756]",5
1730546507.0,steps_lrtdp,161.9938373632872,"[('vertex3', 0), ('wait', 0), ('vertex2', 0), ('vertex4', 0), ('vertex5', 0), ('vertex7', 0), ('vertex6', 0), ('wait', 0), ('vertex9', 1), ('vertex8', 0), ('vertex11', 1), ('vertex10', 1)]",0:00:16.629839,"[6.603340063937338, 20.0, 3.9499999999999957, 10.502023614523065, 7.871581797834533, 15.630818916486751, 8.899449421172077, 20.0, 22.40019757907107, 4.993155315028766, 26.730777029175904, 14.41249362605772]","[0.993462, 0.370514, 1.842293, 2.563974, 1.53919, 0.924983, 2.541523, 2.745551, 1.007023, 0.035899, 0.540685, 1.473637]",8
1730547137.0,steps_lrtdp,152.93901083971164,"[('vertex3', 0), ('vertex2', 0), ('vertex4', 3), ('vertex5', 2), ('vertex7', 0), ('vertex6', 0), ('vertex8', 0), ('vertex10', 0), ('vertex11', 0), ('vertex9', 0)]",0:00:15.543317,"[6.603340063937338, 3.9499999999999957, 40.50202361452307, 27.871581797834533, 15.630818916486751, 8.899449421172077, 16.279081669430866, 16.57612741263773, 4.41249362605772, 12.21409431763158]","[0.865397, 2.567763, 0.554482, 3.246932, 1.913771, 1.459161, 1.53121, 0.502769, 1.822101, 0.998692]",2
1730547137.0,steps_lrtdp,152.93901083971164,"[('vertex3', 0), ('vertex2', 0), ('wait', 0), ('vertex4', 1), ('vertex5', 2), ('vertex7', 0), ('vertex6', 0), ('vertex8', 0), ('vertex10', 0), ('vertex11', 0), ('vertex9', 0)]",0:00:35.477451,"[6.603340063937338, 3.9499999999999957, 20.0, 20.502023614523065, 27.871581797834533, 15.630818916486751, 8.899449421172077, 16.279081669430866, 16.57612741263773, 4.41249362605772, 12.21409431763158]","[1.564121, 6.53043, 1.295656, 4.441936, 10.854228, 3.863074, 1.787135, 1.669577, 0.514466, 1.849827, 0.964133]",5
1730547137.0,steps_lrtdp,198.77626444099994,"[('vertex3', 0), ('vertex2', 0), ('wait', 0), ('vertex4', 1), ('vertex7', 0), ('vertex8', 0), ('wait', 0), ('wait', 0), ('vertex11', 0), ('vertex10', 1), ('vertex9', 0), ('vertex6', 0), ('vertex5', 0)]",0:00:18.400519,"[6.603340063937338, 3.9499999999999957, 20.0, 20.502023614523065, 15.763873255009377, 17.0868750800139, 20.0, 20.0, 16.730777029175904, 14.41249362605772, 12.909732762532306, 12.40019757907107, 18.41695143067929]","[0.858315, 2.513714, 0.519411, 1.529276, 3.266376, 1.202213, 5.325995, 1.62955, 0.060243, 1.037235, 0.032721, 0.032682, 0.308449]",8
1730547797.0,steps_lrtdp,149.06012674935187,"[('vertex3', 0), ('vertex2', 0), ('vertex4', 0), ('vertex5', 0), ('vertex7', 0), ('vertex6', 0), ('vertex9', 0), ('vertex11', 0), ('vertex10', 0), ('vertex8', 5)]",0:00:21.187066,"[6.603340063937338, 3.9499999999999957, 10.502023614523065, 7.871581797834533, 15.630818916486751, 8.899449421172077, 12.40019757907107, 12.21409431763158, 4.41249362605772, 66.57612741263773]","[1.33371, 1.334305, 3.034435, 0.1493, 1.10979, 1.590266, 0.050572, 1.588849, 6.312817, 4.582266]",2
1730547797.0,steps_lrtdp,149.06012674935187,"[('vertex3', 0), ('vertex2', 0), ('vertex4', 0), ('vertex5', 0), ('vertex7', 0), ('vertex6', 0), ('vertex9', 0), ('vertex11', 0), ('vertex10', 0), ('wait', 0), ('wait', 0), ('vertex8', 1)]",0:00:28.811808,"[6.603340063937338, 3.9499999999999957, 10.502023614523065, 7.871581797834533, 15.630818916486751, 8.899449421172077, 12.40019757907107, 12.21409431763158, 4.41249362605772, 20.0, 20.0, 26.57612741263773]","[3.350332, 3.962777, 8.479448, 0.423144, 2.275497, 2.209366, 0.059881, 1.808752, 2.632888, 1.600761, 1.530171, 0.339155]",5
1730547797.0,steps_lrtdp,149.06012674935187,"[('vertex3', 0), ('vertex2', 0), ('vertex4', 0), ('vertex5', 0), ('vertex7', 0), ('vertex6', 0), ('vertex9', 0), ('vertex11', 0), ('vertex10', 0), ('wait', 0), ('wait', 0), ('vertex8', 1)]",0:00:16.566447,"[6.603340063937338, 3.9499999999999957, 10.502023614523065, 7.871581797834533, 15.630818916486751, 8.899449421172077, 12.40019757907107, 12.21409431763158, 4.41249362605772, 20.0, 20.0, 26.57612741263773]","[1.132879, 1.370969, 2.985527, 0.153026, 1.073474, 1.607863, 0.049212, 1.593641, 2.804983, 1.575404, 1.769301, 0.381481]",8
1730548624.0,steps_lrtdp,111.99383736328723,"[('vertex3', 0), ('vertex2', 0), ('vertex4', 0), ('vertex5', 0), ('vertex7', 0), ('vertex6', 0), ('vertex9', 0), ('vertex8', 0), ('vertex11', 2), ('vertex10', 0)]",0:00:07.569271,"[6.603340063937338, 3.9499999999999957, 10.502023614523065, 7.871581797834533, 15.630818916486751, 8.899449421172077, 12.40019757907107, 4.993155315028766, 36.730777029175904, 4.41249362605772]","[1.601126, 0.49322, 1.584988, 1.626432, 0.225807, 0.065758, 0.039562, 1.143325, 0.727821, 0.014293]",2
1730548624.0,steps_lrtdp,111.99383736328723,"[('vertex3', 0), ('vertex2', 0), ('vertex4', 0), ('vertex5', 0), ('vertex7', 0), ('vertex6', 0), ('vertex9', 0), ('vertex8', 0), ('vertex11', 2), ('vertex10', 0)]",0:00:08.235171,"[6.603340063937338, 3.9499999999999957, 10.502023614523065, 7.871581797834533, 15.630818916486751, 8.899449421172077, 12.40019757907107, 4.993155315028766, 36.730777029175904, 4.41249362605772]","[1.879024, 0.551225, 1.698478, 1.705427, 0.246282, 0.069651, 0.042965, 1.292658, 0.687696, 0.012092]",5
1730548624.0,steps_lrtdp,101.83918774674906,"[('vertex3', 0), ('vertex2', 0), ('vertex4', 0), ('vertex5', 0), ('vertex7', 0), ('vertex6', 0), ('vertex9', 0), ('vertex8', 0), ('vertex10', 1), ('vertex11', 0)]",0:00:17.189470,"[6.603340063937338, 3.9499999999999957, 10.502023614523065, 7.871581797834533, 15.630818916486751, 8.899449421172077, 12.40019757907107, 4.993155315028766, 26.57612741263773, 4.41249362605772]","[1.572332, 0.514018, 1.622219, 3.807994, 0.851905, 0.244508, 0.149934, 4.499763, 2.909374, 0.899478]",8
1730549844.0,steps_lrtdp,131.05170585792953,"[('vertex2', 0), ('vertex3', 0), ('vertex5', 0), ('vertex4', 0), ('vertex7', 0), ('vertex6', 0), ('vertex9', 0), ('vertex8', 1), ('vertex11', 0), ('vertex10', 2)]",0:00:18.913999,"[7.586013445809329, 3.9499999999999957, 18.444164388770773, 7.871581797834533, 15.763873255009377, 8.899449421172077, 12.40019757907107, 14.993155315028766, 16.730777029175904, 24.41249362605772]","[4.320267, 0.981037, 0.445378, 0.400009, 0.310488, 5.331401, 6.844199, 0.074175, 0.049882, 0.026485]",2
1730549844.0,steps_lrtdp,131.05170585792953,"[('vertex2', 0), ('vertex3', 0), ('vertex5', 0), ('vertex4', 0), ('vertex7', 0), ('vertex6', 0), ('vertex9', 0), ('vertex8', 1), ('vertex11', 0), ('vertex10', 2)]",0:00:06.934005,"[7.586013445809329, 3.9499999999999957, 18.444164388770773, 7.871581797834533, 15.763873255009377, 8.899449421172077, 12.40019757907107, 14.993155315028766, 16.730777029175904, 24.41249362605772]","[1.731525, 0.412304, 0.195039, 0.158609, 0.133224, 1.750935, 2.403595, 0.040092, 0.027902, 0.013937]",5
1730549844.0,steps_lrtdp,131.3560387421027,"[('vertex3', 0), ('vertex2', 0), ('vertex4', 0), ('wait', 0), ('vertex5', 0), ('vertex7', 0), ('vertex6', 0), ('vertex8', 0), ('vertex9', 0), ('vertex11', 0), ('wait', 0), ('vertex10', 0)]",0:00:14.517872,"[6.603340063937338, 3.9499999999999957, 10.502023614523065, 20.0, 7.871581797834533, 15.630818916486751, 8.899449421172077, 16.279081669430866, 4.993155315028766, 12.21409431763158, 20.0, 4.41249362605772]","[1.034816, 0.310606, 0.177234, 0.183574, 1.736443, 4.945165, 1.639129, 1.664943, 0.038259, 0.023895, 0.015084, 2.692694]",8
1730550815.0,steps_lrtdp,91.3560387421027,"[('vertex3', 0), ('vertex2', 0), ('vertex4', 0), ('vertex5', 0), ('vertex7', 0), ('vertex6', 0), ('vertex8', 0), ('vertex9', 0), ('vertex11', 0), ('vertex10', 0)]",0:00:05.068752,"[6.603340063937338, 3.9499999999999957, 10.502023614523065, 7.871581797834533, 15.630818916486751, 8.899449421172077, 16.279081669430866, 4.993155315028766, 12.21409431763158, 4.41249362605772]","[0.774343, 0.33515, 0.173621, 0.137875, 0.444465, 0.071516, 0.272036, 0.02886, 1.891089, 0.908117]",2
1730550815.0,steps_lrtdp,91.3560387421027,"[('vertex3', 0), ('vertex2', 0), ('vertex4', 0), ('vertex5', 0), ('vertex7', 0), ('vertex6', 0), ('vertex8', 0), ('vertex9', 0), ('vertex11', 0), ('vertex10', 0)]",0:00:05.088238,"[6.603340063937338, 3.9499999999999957, 10.502023614523065, 7.871581797834533, 15.630818916486751, 8.899449421172077, 16.279081669430866, 4.993155315028766, 12.21409431763158, 4.41249362605772]","[0.665244, 0.295005, 0.1679, 0.171234, 0.476543, 0.071767, 0.280495, 0.029609, 1.865785, 1.032041]",5
1730550815.0,steps_lrtdp,91.3560387421027,"[('vertex3', 0), ('vertex2', 0), ('vertex4', 0), ('vertex5', 0), ('vertex7', 0), ('vertex6', 0), ('vertex8', 0), ('vertex9', 0), ('vertex11', 0), ('vertex10', 0)]",0:00:05.198185,"[6.603340063937338, 3.9499999999999957, 10.502023614523065, 7.871581797834533, 15.630818916486751, 8.899449421172077, 16.279081669430866, 4.993155315028766, 12.21409431763158, 4.41249362605772]","[0.673112, 0.336934, 0.1768, 0.140761, 0.497597, 0.070917, 0.274163, 0.02918, 1.950256, 1.015274]",8
1730551721.0,steps_lrtdp,91.3560387421027,"[('vertex3', 0), ('vertex2', 0), ('vertex4', 0), ('vertex5', 0), ('vertex7', 0), ('vertex6', 0), ('vertex8', 0), ('vertex9', 0), ('vertex11', 0), ('vertex10', 0)]",0:00:23.670496,"[6.603340063937338, 3.9499999999999957, 10.502023614523065, 7.871581797834533, 15.630818916486751, 8.899449421172077, 16.279081669430866, 4.993155315028766, 12.21409431763158, 4.41249362605772]","[0.389913, 1.123065, 0.286609, 0.211653, 2.112387, 3.614837, 0.925383, 0.224876, 9.453168, 5.16748]",2
1730551721.0,steps_lrtdp,91.3560387421027,"[('vertex3', 0), ('vertex2', 0), ('vertex4', 0), ('vertex5', 0), ('vertex7', 0), ('vertex6', 0), ('vertex8', 0), ('vertex9', 0), ('vertex11', 0), ('vertex10', 0)]",0:00:14.711068,"[6.603340063937338, 3.9499999999999957, 10.502023614523065, 7.871581797834533, 15.630818916486751, 8.899449421172077, 16.279081669430866, 4.993155315028766, 12.21409431763158, 4.41249362605772]","[1.063231, 2.369977, 0.430694, 0.331915, 2.66934, 2.43595, 0.306761, 0.047254, 3.320952, 1.653397]",5
1730551721.0,steps_lrtdp,91.3560387421027,"[('vertex3', 0), ('vertex2', 0), ('vertex4', 0), ('vertex5', 0), ('vertex7', 0), ('vertex6', 0), ('vertex8', 0), ('vertex9', 0), ('vertex11', 0), ('vertex10', 0)]",0:00:09.617320,"[6.603340063937338, 3.9499999999999957, 10.502023614523065, 7.871581797834533, 15.630818916486751, 8.899449421172077, 16.279081669430866, 4.993155315028766, 12.21409431763158, 4.41249362605772]","[0.342145, 0.809474, 0.200385, 0.153257, 1.707661, 1.692142, 0.273902, 0.041762, 2.83315, 1.509626]",8
1730552566.0,steps_lrtdp,91.3560387421027,"[('vertex3', 0), ('vertex2', 0), ('vertex4', 0), ('vertex5', 0), ('vertex7', 0), ('vertex6', 0), ('vertex8', 0), ('vertex9', 0), ('vertex11', 0), ('vertex10', 0)]",0:00:10.216889,"[6.603340063937338, 3.9499999999999957, 10.502023614523065, 7.871581797834533, 15.630818916486751, 8.899449421172077, 16.279081669430866, 4.993155315028766, 12.21409431763158, 4.41249362605772]","[0.31487, 0.333491, 0.157583, 0.613068, 0.08404, 2.188001, 1.698486, 0.033155, 2.34398, 2.415741]",2
1730552566.0,steps_lrtdp,91.3560387421027,"[('vertex3', 0), ('vertex2', 0), ('vertex4', 0), ('vertex5', 0), ('vertex7', 0), ('vertex6', 0), ('vertex8', 0), ('vertex9', 0), ('vertex11', 0), ('vertex10', 0)]",0:00:10.280467,"[6.603340063937338, 3.9499999999999957, 10.502023614523065, 7.871581797834533, 15.630818916486751, 8.899449421172077, 16.279081669430866, 4.993155315028766, 12.21409431763158, 4.41249362605772]","[0.323182, 0.284181, 0.162874, 0.582471, 0.088109, 2.367597, 1.68135, 0.032688, 2.397187, 2.326426]",5
1730552566.0,steps_lrtdp,91.3560387421027,"[('vertex3', 0), ('vertex2', 0), ('vertex4', 0), ('vertex5', 0), ('vertex7', 0), ('vertex6', 0), ('vertex8', 0), ('vertex9', 0), ('vertex11', 0), ('vertex10', 0)]",0:00:28.873163,"[6.603340063937338, 3.9499999999999957, 10.502023614523065, 7.871581797834533, 15.630818916486751, 8.899449421172077, 16.279081669430866, 4.993155315028766, 12.21409431763158, 4.41249362605772]","[0.333062, 0.299856, 0.205455, 1.298755, 0.248764, 7.464599, 6.028003, 0.104445, 6.644671, 6.158774]",8
1730553615.0,steps_lrtdp,111.3560387421027,"[('vertex3', 0), ('vertex2', 0), ('vertex4', 0), ('vertex5', 2), ('vertex7', 0), ('vertex6', 0), ('vertex8', 0), ('vertex9', 0), ('vertex11', 0), ('vertex10', 0)]",0:00:14.290582,"[6.603340063937338, 3.9499999999999957, 10.502023614523065, 27.871581797834533, 15.630818916486751, 8.899449421172077, 16.279081669430866, 4.993155315028766, 12.21409431763158, 4.41249362605772]","[1.676294, 2.763445, 2.189657, 2.456172, 0.096289, 0.069826, 0.817927, 1.546967, 1.574686, 1.03859]",2
1730553615.0,steps_lrtdp,111.3560387421027,"[('vertex3', 0), ('vertex2', 0), ('vertex4', 0), ('vertex5', 2), ('vertex7', 0), ('vertex6', 0), ('vertex8', 0), ('vertex9', 0), ('vertex11', 0), ('vertex10', 0)]",0:00:11.609381,"[6.603340063937338, 3.9499999999999957, 10.502023614523065, 27.871581797834533, 15.630818916486751, 8.899449421172077, 16.279081669430866, 4.993155315028766, 12.21409431763158, 4.41249362605772]","[0.700662, 1.734328, 1.769934, 2.005909, 0.104375, 0.069187, 0.834921, 1.621199, 1.568075, 1.140398]",5
1730553615.0,steps_lrtdp,108.76583220878476,"[('vertex3', 0), ('vertex2', 0), ('vertex4', 0), ('vertex7', 0), ('vertex5', 0), ('vertex6', 0), ('vertex8', 0), ('vertex9', 0), ('vertex11', 0), ('vertex10', 0)]",0:00:09.443795,"[6.603340063937338, 3.9499999999999957, 10.502023614523065, 15.763873255009377, 15.630818916486751, 18.41695143067929, 16.279081669430866, 4.993155315028766, 12.21409431763158, 4.41249362605772]","[0.991025, 1.914113, 1.769654, 2.004539, 0.436181, 1.638071, 0.553329, 0.037371, 0.024335, 0.0184]",8
1730554422.0,steps_lrtdp,101.3560387421027,"[('vertex3', 0), ('vertex2', 0), ('vertex4', 0), ('vertex5', 0), ('vertex7', 0), ('vertex6', 0), ('vertex8', 0), ('vertex9', 0), ('vertex11', 1), ('vertex10', 0)]",0:00:05.504498,"[6.603340063937338, 3.9499999999999957, 10.502023614523065, 7.871581797834533, 15.630818916486751, 8.899449421172077, 16.279081669430866, 4.993155315028766, 22.21409431763158, 4.41249362605772]","[1.905288, 0.28783, 0.168245, 0.140643, 0.083108, 0.350923, 0.039372, 2.075887, 0.021193, 0.397086]",2
1730554422.0,steps_lrtdp,101.3560387421027,"[('vertex3', 0), ('vertex2', 0), ('vertex4', 0), ('vertex5', 0), ('vertex7', 0), ('vertex6', 0), ('vertex8', 0), ('vertex9', 0), ('vertex11', 1), ('vertex10', 0)]",0:00:14.845334,"[6.603340063937338, 3.9499999999999957, 10.502023614523065, 7.871581797834533, 15.630818916486751, 8.899449421172077, 16.279081669430866, 4.993155315028766, 22.21409431763158, 4.41249362605772]","[3.48865, 0.896516, 0.563558, 0.509053, 0.329597, 1.406141, 0.126645, 6.223614, 0.055645, 1.134753]",5
1730554422.0,steps_lrtdp,101.3560387421027,"[('vertex3', 0), ('vertex2', 0), ('vertex4', 0), ('vertex5', 0), ('vertex7', 0), ('vertex6', 0), ('vertex8', 0), ('vertex9', 0), ('vertex11', 1), ('vertex10', 0)]",0:00:14.932501,"[6.603340063937338, 3.9499999999999957, 10.502023614523065, 7.871581797834533, 15.630818916486751, 8.899449421172077, 16.279081669430866, 4.993155315028766, 22.21409431763158, 4.41249362605772]","[5.184836, 0.794195, 0.459735, 0.39072, 0.238638, 0.939821, 0.117379, 5.714855, 0.053929, 0.948902]",8
1730555535.0,steps_lrtdp,204.94996466687823,"[('vertex3', 0), ('vertex2', 6), ('vertex4', 2), ('vertex5', 0), ('vertex6', 0), ('vertex7', 0), ('vertex8', 0), ('vertex9', 0), ('vertex11', 3), ('vertex10', 0)]",0:00:22.546081,"[6.603340063937338, 63.949999999999996, 30.502023614523065, 7.871581797834533, 18.41695143067929, 8.899449421172077, 17.0868750800139, 4.993155315028766, 42.21409431763158, 4.41249362605772]","[3.773556, 4.46212, 1.229318, 2.308232, 1.82073, 1.666802, 0.225075, 1.938114, 2.066572, 2.996526]",2
1730555535.0,steps_lrtdp,130.00279872958097,"[('vertex3', 0), ('vertex4', 0), ('vertex2', 1), ('vertex5', 1), ('vertex7', 0), ('vertex6', 0), ('vertex9', 0), ('vertex8', 0), ('vertex11', 0), ('vertex10', 0)]",0:00:21.594037,"[6.603340063937338, 11.7902078013918, 20.502023614523065, 28.040335362736467, 15.630818916486751, 8.899449421172077, 12.40019757907107, 4.993155315028766, 16.730777029175904, 4.41249362605772]","[2.446299, 4.084626, 1.504913, 2.983366, 3.446971, 0.072574, 3.150969, 1.849542, 1.8448, 0.142636]",5
1730555535.0,steps_lrtdp,130.00279872958097,"[('vertex3', 0), ('vertex4', 0), ('vertex2', 1), ('vertex5', 1), ('vertex7', 0), ('vertex6', 0), ('vertex9', 0), ('vertex8', 0), ('vertex11', 0), ('vertex10', 0)]",0:00:43.074200,"[6.603340063937338, 11.7902078013918, 20.502023614523065, 28.040335362736467, 15.630818916486751, 8.899449421172077, 12.40019757907107, 4.993155315028766, 16.730777029175904, 4.41249362605772]","[2.517068, 4.179624, 3.77003, 10.263741, 9.329593, 0.242998, 7.936492, 2.598021, 1.979801, 0.130317]",8
1730556258.0,steps_lrtdp,118.4078970991126,"[('vertex3', 0), ('vertex2', 0), ('vertex5', 0), ('vertex4', 2), ('vertex6', 0), ('vertex7', 0), ('vertex8', 0), ('vertex9', 0), ('vertex11', 0), ('vertex10', 0)]",0:00:10.588442,"[6.603340063937338, 3.9499999999999957, 18.040335362736467, 27.871581797834533, 14.33657211470022, 8.899449421172077, 17.0868750800139, 4.993155315028766, 12.21409431763158, 4.41249362605772]","[5.002772, 0.302152, 0.422481, 1.514141, 0.065828, 0.055312, 1.256659, 0.032241, 1.482153, 0.407122]",2
1730556258.0,steps_lrtdp,118.4078970991126,"[('vertex3', 0), ('vertex2', 0), ('vertex5', 0), ('vertex4', 2), ('vertex6', 0), ('vertex7', 0), ('vertex8', 0), ('vertex9', 0), ('vertex11', 0), ('vertex10', 0)]",0:00:11.154786,"[6.603340063937338, 3.9499999999999957, 18.040335362736467, 27.871581797834533, 14.33657211470022, 8.899449421172077, 17.0868750800139, 4.993155315028766, 12.21409431763158, 4.41249362605772]","[4.834674, 0.279264, 0.814776, 1.689704, 0.070212, 0.058679, 1.271961, 0.0351, 1.531937, 0.507527]",5
1730556258.0,steps_lrtdp,132.22376464101907,"[('vertex3', 0), ('vertex2', 0), ('vertex5', 0), ('vertex7', 0), ('vertex4', 0), ('vertex6', 0), ('vertex8', 0), ('vertex9', 0), ('vertex11', 0), ('wait', 0), ('vertex10', 0)]",0:00:18.087918,"[6.603340063937338, 3.9499999999999957, 18.040335362736467, 15.630818916486751, 15.763873255009377, 14.33657211470022, 16.279081669430866, 4.993155315028766, 12.21409431763158, 20.0, 4.41249362605772]","[4.922675, 0.287532, 0.468529, 1.597715, 1.454703, 3.015783, 1.123495, 0.227748, 0.993058, 2.243057, 1.703582]",8
1730557265.0,steps_lrtdp,94.94996466687827,"[('vertex3', 0), ('vertex2', 0), ('vertex4', 0), ('vertex5', 0), ('vertex6', 0), ('vertex7', 0), ('vertex8', 0), ('vertex9', 0), ('vertex11', 0), ('vertex10', 0)]",0:00:25.173792,"[6.603340063937338, 3.9499999999999957, 10.502023614523065, 7.871581797834533, 18.41695143067929, 8.899449421172077, 17.0868750800139, 4.993155315028766, 12.21409431763158, 4.41249362605772]","[3.35622, 0.972292, 5.442319, 3.434039, 5.248045, 5.43038, 0.129463, 0.097687, 0.061092, 0.851421]",2
1730557265.0,steps_lrtdp,94.94996466687827,"[('vertex3', 0), ('vertex2', 0), ('vertex4', 0), ('vertex5', 0), ('vertex6', 0), ('vertex7', 0), ('vertex8', 0), ('vertex9', 0), ('vertex11', 0), ('vertex10', 0)]",0:00:14.536224,"[6.603340063937338, 3.9499999999999957, 10.502023614523065, 7.871581797834533, 18.41695143067929, 8.899449421172077, 17.0868750800139, 4.993155315028766, 12.21409431763158, 4.41249362605772]","[4.85983, 0.660429, 2.763379, 1.439843, 2.170326, 2.156128, 0.048516, 0.039353, 0.023409, 0.303432]",5
1730557265.0,steps_lrtdp,94.94996466687827,"[('vertex3', 0), ('vertex2', 0), ('vertex4', 0), ('vertex5', 0), ('vertex6', 0), ('vertex7', 0), ('vertex8', 0), ('vertex9', 0), ('vertex11', 0), ('vertex10', 0)]",0:00:09.526701,"[6.603340063937338, 3.9499999999999957, 10.502023614523065, 7.871581797834533, 18.41695143067929, 8.899449421172077, 17.0868750800139, 4.993155315028766, 12.21409431763158, 4.41249362605772]","[1.887078, 0.299353, 1.695339, 1.138825, 1.982039, 2.014186, 0.047203, 0.037149, 0.024069, 0.345892]",8
1730558383.0,steps_lrtdp,131.3560387421027,"[('vertex3', 0), ('vertex2', 2), ('vertex4', 1), ('vertex5', 0), ('vertex7', 0), ('vertex6', 0), ('vertex8', 0), ('vertex9', 0), ('vertex11', 1), ('vertex10', 0)]",0:00:01.708904,"[6.603340063937338, 23.949999999999996, 20.502023614523065, 7.871581797834533, 15.630818916486751, 8.899449421172077, 16.279081669430866, 4.993155315028766, 22.21409431763158, 4.41249362605772]","[0.326954, 0.754051, 0.173172, 0.149996, 0.087052, 0.072083, 0.044572, 0.032233, 0.019904, 0.009494]",2
1730558383.0,steps_lrtdp,131.3560387421027,"[('vertex3', 0), ('vertex2', 2), ('vertex4', 1), ('vertex5', 0), ('vertex7', 0), ('vertex6', 0), ('vertex8', 0), ('vertex9', 0), ('vertex11', 1), ('vertex10', 0)]",0:00:01.746620,"[6.603340063937338, 23.949999999999996, 20.502023614523065, 7.871581797834533, 15.630818916486751, 8.899449421172077, 16.279081669430866, 4.993155315028766, 22.21409431763158, 4.41249362605772]","[0.340382, 0.790743, 0.168477, 0.142173, 0.087275, 0.071052, 0.044582, 0.032394, 0.020192, 0.010171]",5
1730558383.0,steps_lrtdp,119.36500010839644,"[('vertex3', 0), ('vertex4', 0), ('vertex2', 0), ('vertex5', 1), ('vertex7', 0), ('vertex6', 0), ('vertex8', 0), ('vertex9', 0), ('vertex11', 0), ('vertex10', 0)]",0:00:05.993100,"[6.603340063937338, 11.7902078013918, 10.502023614523065, 28.040335362736467, 15.630818916486751, 8.899449421172077, 16.279081669430866, 4.993155315028766, 12.21409431763158, 4.41249362605772]","[0.340847, 0.786782, 0.197387, 1.979135, 0.091246, 0.074374, 0.042657, 0.176764, 1.546363, 0.713942]",8
1730559710.0,steps_lrtdp,91.3560387421027,"[('vertex3', 0), ('vertex2', 0), ('vertex4', 0), ('vertex5', 0), ('vertex7', 0), ('vertex6', 0), ('vertex8', 0), ('vertex9', 0), ('vertex11', 0), ('vertex10', 0)]",0:00:08.562386,"[6.603340063937338, 3.9499999999999957, 10.502023614523065, 7.871581797834533, 15.630818916486751, 8.899449421172077, 16.279081669430866, 4.993155315028766, 12.21409431763158, 4.41249362605772]","[0.327085, 3.119897, 0.167816, 0.882299, 0.08765, 0.073726, 1.504594, 0.776454, 0.017418, 1.5667]",2
1730559710.0,steps_lrtdp,91.3560387421027,"[('vertex3', 0), ('vertex2', 0), ('vertex4', 0), ('vertex5', 0), ('vertex7', 0), ('vertex6', 0), ('vertex8', 0), ('vertex9', 0), ('vertex11', 0), ('vertex10', 0)]",0:00:08.210990,"[6.603340063937338, 3.9499999999999957, 10.502023614523065, 7.871581797834533, 15.630818916486751, 8.899449421172077, 16.279081669430866, 4.993155315028766, 12.21409431763158, 4.41249362605772]","[0.317771, 2.933937, 0.165993, 0.759341, 0.083451, 0.06952, 1.46662, 0.819782, 0.017715, 1.538981]",5
1730559710.0,steps_lrtdp,91.3560387421027,"[('vertex3', 0), ('vertex2', 0), ('vertex4', 0), ('vertex5', 0), ('vertex7', 0), ('vertex6', 0), ('vertex8', 0), ('vertex9', 0), ('vertex11', 0), ('vertex10', 0)]",0:00:08.181460,"[6.603340063937338, 3.9499999999999957, 10.502023614523065, 7.871581797834533, 15.630818916486751, 8.899449421172077, 16.279081669430866, 4.993155315028766, 12.21409431763158, 4.41249362605772]","[0.315564, 2.891926, 0.160737, 0.87838, 0.085942, 0.071134, 1.455038, 0.691135, 0.017919, 1.574697]",8
1730560960.0,steps_lrtdp,111.99383736328723,"[('vertex3', 0), ('vertex2', 0), ('vertex4', 2), ('vertex5', 0), ('vertex7', 0), ('vertex6', 0), ('vertex9', 0), ('vertex8', 0), ('vertex11', 0), ('vertex10', 0)]",0:00:31.610071,"[6.603340063937338, 3.9499999999999957, 30.502023614523065, 7.871581797834533, 15.630818916486751, 8.899449421172077, 12.40019757907107, 4.993155315028766, 16.730777029175904, 4.41249362605772]","[6.540741, 1.115557, 0.600043, 7.394679, 0.365019, 0.34446, 1.330106, 5.834508, 5.669008, 2.24366]",2
1730560960.0,steps_lrtdp,111.99383736328723,"[('vertex3', 0), ('vertex2', 0), ('vertex4', 2), ('vertex5', 0), ('vertex7', 0), ('vertex6', 0), ('vertex9', 0), ('vertex8', 0), ('vertex11', 0), ('vertex10', 0)]",0:00:09.808654,"[6.603340063937338, 3.9499999999999957, 30.502023614523065, 7.871581797834533, 15.630818916486751, 8.899449421172077, 12.40019757907107, 4.993155315028766, 16.730777029175904, 4.41249362605772]","[2.222742, 0.399669, 0.333415, 1.917061, 0.094115, 0.069902, 0.260134, 1.608398, 1.472688, 1.376703]",5
1730560960.0,steps_lrtdp,111.99383736328723,"[('vertex3', 0), ('vertex2', 0), ('vertex4', 2), ('vertex5', 0), ('vertex7', 0), ('vertex6', 0), ('vertex9', 0), ('vertex8', 0), ('vertex11', 0), ('vertex10', 0)]",0:00:08.524202,"[6.603340063937338, 3.9499999999999957, 30.502023614523065, 7.871581797834533, 15.630818916486751, 8.899449421172077, 12.40019757907107, 4.993155315028766, 16.730777029175904, 4.41249362605772]","[1.741147, 0.268245, 0.175224, 1.554589, 0.085341, 0.071562, 0.232908, 1.417365, 1.468957, 1.458938]",8
1730561646.0,steps_lrtdp,121.3560387421027,"[('vertex3', 0), ('vertex2', 0), ('vertex4', 2), ('vertex5', 1), ('vertex7', 0), ('vertex6', 0), ('vertex8', 0), ('vertex9', 0), ('vertex11', 0), ('vertex10', 0)]",0:00:03.794522,"[6.603340063937338, 3.9499999999999957, 30.502023614523065, 17.871581797834533, 15.630818916486751, 8.899449421172077, 16.279081669430866, 4.993155315028766, 12.21409431763158, 4.41249362605772]","[0.558916, 1.762629, 0.182813, 0.167664, 0.866084, 0.072408, 0.052548, 0.030155, 0.027994, 0.022965]",2
1730561646.0,steps_lrtdp,121.3560387421027,"[('vertex3', 0), ('vertex2', 0), ('vertex4', 2), ('vertex5', 1), ('vertex7', 0), ('vertex6', 0), ('vertex8', 0), ('vertex9', 0), ('vertex11', 0), ('vertex10', 0)]",0:00:03.686900,"[6.603340063937338, 3.9499999999999957, 30.502023614523065, 17.871581797834533, 15.630818916486751, 8.899449421172077, 16.279081669430866, 4.993155315028766, 12.21409431763158, 4.41249362605772]","[0.617497, 1.692098, 0.168393, 0.144239, 0.835323, 0.072796, 0.042091, 0.028439, 0.020607, 0.018264]",5
1730561646.0,steps_lrtdp,121.3560387421027,"[('vertex3', 0), ('vertex2', 0), ('vertex4', 2), ('vertex5', 1), ('vertex7', 0), ('vertex6', 0), ('vertex8', 0), ('vertex9', 0), ('vertex11', 0), ('vertex10', 0)]",0:00:03.785875,"[6.603340063937338, 3.9499999999999957, 30.502023614523065, 17.871581797834533, 15.630818916486751, 8.899449421172077, 16.279081669430866, 4.993155315028766, 12.21409431763158, 4.41249362605772]","[0.600178, 1.735304, 0.174249, 0.14517, 0.904062, 0.068125, 0.041926, 0.028786, 0.021023, 0.018613]",8
1730562468.0,steps_lrtdp,117.93253732588853,"[('vertex3', 0), ('vertex2', 0), ('vertex4', 0), ('vertex5', 0), ('vertex6', 0), ('vertex7', 0), ('vertex9', 0), ('vertex8', 0), ('vertex11', 1), ('vertex10', 1)]",0:00:27.123262,"[6.603340063937338, 3.9499999999999957, 10.502023614523065, 7.871581797834533, 18.41695143067929, 8.899449421172077, 15.55276502747984, 4.993155315028766, 26.730777029175904, 14.41249362605772]","[1.859338, 3.000761, 1.697868, 0.203596, 3.050915, 1.602583, 0.051583, 3.520222, 4.293907, 7.734711]",2
1730562468.0,steps_lrtdp,117.93253732588853,"[('vertex3', 0), ('vertex2', 0), ('vertex4', 0), ('vertex5', 0), ('vertex6', 0), ('vertex7', 0), ('vertex9', 0), ('vertex8', 0), ('vertex11', 1), ('vertex10', 1)]",0:00:24.599389,"[6.603340063937338, 3.9499999999999957, 10.502023614523065, 7.871581797834533, 18.41695143067929, 8.899449421172077, 15.55276502747984, 4.993155315028766, 26.730777029175904, 14.41249362605772]","[6.321727, 5.776071, 1.925992, 0.2031, 3.042501, 1.54754, 0.051284, 1.860536, 1.367732, 2.419263]",5
1730562468.0,steps_lrtdp,117.77788770935037,"[('vertex3', 0), ('vertex2', 0), ('vertex4', 0), ('vertex5', 0), ('vertex6', 0), ('vertex7', 0), ('vertex9', 0), ('vertex8', 0), ('vertex10', 1), ('vertex11', 1)]",0:00:16.441967,"[6.603340063937338, 3.9499999999999957, 10.502023614523065, 7.871581797834533, 18.41695143067929, 8.899449421172077, 15.55276502747984, 4.993155315028766, 26.57612741263773, 14.41249362605772]","[1.743686, 2.886574, 1.596823, 0.167694, 2.683488, 1.479449, 0.053302, 1.803992, 1.426904, 2.532089]",8
1730563073.0,steps_lrtdp,151.35603874210267,"[('vertex3', 0), ('vertex2', 0), ('vertex4', 3), ('vertex5', 1), ('vertex7', 0), ('vertex6', 0), ('vertex8', 0), ('vertex9', 2), ('vertex11', 0), ('vertex10', 0)]",0:00:18.719383,"[6.603340063937338, 3.9499999999999957, 40.50202361452307, 17.871581797834533, 15.630818916486751, 8.899449421172077, 16.279081669430866, 24.993155315028766, 12.21409431763158, 4.41249362605772]","[3.788796, 3.399816, 1.045698, 1.582665, 0.7834, 1.493076, 2.467017, 0.039584, 3.969675, 0.054571]",2
1730563073.0,steps_lrtdp,171.35603874210267,"[('vertex3', 0), ('vertex2', 0), ('wait', 0), ('vertex4', 0), ('wait', 0), ('vertex5', 1), ('vertex7', 0), ('vertex6', 0), ('vertex8', 0), ('vertex9', 2), ('vertex11', 1), ('vertex10', 0)]",0:00:39.829282,"[6.603340063937338, 3.9499999999999957, 20.0, 10.502023614523065, 20.0, 17.871581797834533, 15.630818916486751, 8.899449421172077, 16.279081669430866, 24.993155315028766, 22.21409431763158, 4.41249362605772]","[13.192509, 8.606216, 2.320048, 3.88219, 1.400869, 0.159393, 1.001553, 1.602273, 0.044884, 1.705813, 5.808906, 0.019751]",5
1730563073.0,steps_lrtdp,171.35603874210267,"[('vertex3', 0), ('vertex2', 0), ('wait', 0), ('vertex4', 0), ('wait', 0), ('vertex5', 1), ('vertex7', 0), ('vertex6', 0), ('vertex8', 0), ('wait', 0), ('vertex9', 0), ('vertex11', 1), ('vertex10', 0)]",0:00:28.081573,"[6.603340063937338, 3.9499999999999957, 20.0, 10.502023614523065, 20.0, 17.871581797834533, 15.630818916486751, 8.899449421172077, 16.279081669430866, 20.0, 4.993155315028766, 22.21409431763158, 4.41249362605772]","[4.043448, 3.403287, 1.032311, 2.891335, 1.372703, 0.162417, 0.960741, 1.704593, 0.058783, 1.969316, 4.122089, 6.265685, 0.022748]",8
1730563836.0,steps_lrtdp,91.3560387421027,"[('vertex3', 0), ('vertex2', 0), ('vertex4', 0), ('vertex5', 0), ('vertex7', 0), ('vertex6', 0), ('vertex8', 0), ('vertex9', 0), ('vertex11', 0), ('vertex10', 0)]",0:00:05.597193,"[6.603340063937338, 3.9499999999999957, 10.502023614523065, 7.871581797834533, 15.630818916486751, 8.899449421172077, 16.279081669430866, 4.993155315028766, 12.21409431763158, 4.41249362605772]","[0.552616, 0.336804, 2.214965, 0.391075, 0.155576, 1.593771, 0.126826, 0.101598, 0.054342, 0.020434]",2
1730563836.0,steps_lrtdp,91.3560387421027,"[('vertex3', 0), ('vertex2', 0), ('vertex4', 0), ('vertex5', 0), ('vertex7', 0), ('vertex6', 0), ('vertex8', 0), ('vertex9', 0), ('vertex11', 0), ('vertex10', 0)]",0:00:13.868703,"[6.603340063937338, 3.9499999999999957, 10.502023614523065, 7.871581797834533, 15.630818916486751, 8.899449421172077, 16.279081669430866, 4.993155315028766, 12.21409431763158, 4.41249362605772]","[1.591951, 1.072552, 7.593273, 1.280504, 0.267573, 1.739829, 0.109401, 0.072487, 0.037219, 0.015221]",5
1730563836.0,steps_lrtdp,91.3560387421027,"[('vertex3', 0), ('vertex2', 0), ('vertex4', 0), ('vertex5', 0), ('vertex7', 0), ('vertex6', 0), ('vertex8', 0), ('vertex9', 0), ('vertex11', 0), ('vertex10', 0)]",0:00:13.581817,"[6.603340063937338, 3.9499999999999957, 10.502023614523065, 7.871581797834533, 15.630818916486751, 8.899449421172077, 16.279081669430866, 4.993155315028766, 12.21409431763158, 4.41249362605772]","[1.481497, 0.877204, 6.749863, 1.670681, 0.49186, 2.000036, 0.096564, 0.065742, 0.031958, 0.012119]",8
